20111104T013555.418759,1,14,-15.3024,-3.56506,1.23724,3.37178,15.7602,29357
20111104T013555.418783,31,14,-15.0221,-3.59906,1.21404,3.37806,15.4942,29410
20111104T013555.418806,110,14,-14.6973,-3.59415,1.1863,3.38277,15.1762,29466
20111104T013555.418819,1,0,-15.1508,-3.55458,1.76045,3.37335,15.6608,29495
20111104T013555.418829,35,14,-14.4793,-3.63713,1.16869,3.38906,14.9742,29522
20111104T013555.418842,1,0,-14.7114,-3.54859,1.70812,3.37963,15.2288,29553
20111104T013555.418851,1,12,-15.5769,-3.78792,0.716157,3.38141,16.0462,29575
20111104T013555.418853,75,14,-14.3366,-3.69702,1.15787,3.39534,14.8502,29578
20111104T013555.418866,1,0,-14.4461,-3.58045,1.67759,3.38591,14.9768,29607
20111104T013555.418874,1,12,-15.4211,-3.85263,0.708921,3.38769,15.9102,29629
20111104T013555.418876,159,14,-14.3478,-3.79625,1.16101,3.40162,14.8862,29632
20111104T013555.419090,41,0,-14.2675,-3.63127,1.65796,3.3922,14.8148,29658
20111104T013555.419099,1,12,-15.4507,-3.96341,0.711901,3.39397,15.9662,29679
20111104T013555.419100,192,14,-14.3083,-3.88213,1.15962,3.40791,14.8702,29683
20111104T013555.419101,1,15,-15.2012,-3.53458,1.14837,3.36875,15.6483,29684
20111104T013555.419113,142,0,-14.1427,-3.69411,1.64512,3.39848,14.7088,29711
20111104T013555.419124,157,14,-14.3162,-3.98107,1.16258,3.41419,14.9042,29736
20111104T013555.419124,1,15,-14.9615,-3.57838,1.12996,3.37503,15.4243,29738
20111104T013555.419137,85,0,-14.2152,-3.78484,1.65651,3.40319,14.8028,29766
20111104T013555.419138,1,1,-15.0442,-3.46121,1.65819,3.36641,15.5254,29768
20111104T013555.419147,123,14,-14.3011,-4.04958,1.16293,3.4189,14.9082,29790
20111104T013555.419148,1,15,-14.7527,-3.60229,1.11369,3.37975,15.2263,29791
20111104T013555.419160,103,0,-14.2084,-3.87882,1.65869,3.40947,14.8208,29821
20111104T013555.419161,1,1,-14.7224,-3.48513,1.62235,3.37269,15.2154,29823
20111104T013555.419169,1,12,-14.429,-3.96694,0.65933,3.41125,14.9782,29844
20111104T013555.419170,93,14,-14.3041,-4.14772,1.16555,3.42519,14.9382,29848
20111104T013555.419171,25,15,-14.5383,-3.64716,1.09742,3.38603,15.0283,29850
20111104T013555.419183,96,0,-14.2143,-3.97661,1.66256,3.41576,14.8528,29881
20111104T013555.419184,1,1,-14.5149,-3.53272,1.60015,3.37898,15.0234,29883
20111104T013555.419192,130,12,-14.4134,-4.06024,0.659862,3.41753,14.9882,29903
20111104T013555.419194,101,14,-14.2968,-4.24321,1.16729,3.43147,14.9582,29906
20111104T013555.419194,84,15,-14.3993,-3.70876,1.08757,3.39231,14.9083,29907
20111104T013555.419207,189,0,-14.1891,-4.06584,1.66256,3.42204,14.8528,29937
20111104T013555.419207,1,1,-14.3517,-3.58886,1.58326,3.38526,14.8774,29939
20111104T013555.419215,85,12,-14.4029,-4.15517,0.660713,3.42382,15.0042,29960
20111104T013555.419216,1,13,-15.6531,-3.8931,0.630909,3.3841,16.1417,29962
20111104T013555.419217,88,14,-14.289,-4.33877,1.16904,3.43775,14.9782,29964
20111104T013555.419218,146,15,-14.3275,-3.78649,1.08346,3.39859,14.8583,29966
20111104T013555.419385,1,1,-14.3462,-3.68339,1.58535,3.39154,14.8954,29996
20111104T013555.419393,63,12,-14.3995,-4.25241,0.66199,3.4301,15.0282,30017
20111104T013555.419394,94,14,-14.2785,-4.4338,1.17061,3.44404,14.9962,30020
20111104T013555.419395,116,15,-14.3111,-3.87851,1.08411,3.40488,14.8663,30021
20111104T013555.419397,1,18,-15.3567,-3.56602,1.07323,3.37105,15.8012,30027
20111104T013555.419408,157,1,-14.2151,-3.74526,1.5724,3.39783,14.7834,30053
20111104T013555.419416,79,12,-14.4069,-4.35324,0.663906,3.43638,15.0642,30074
20111104T013555.419418,87,14,-14.2903,-4.53614,1.17427,3.45032,15.0382,30077
20111104T013555.419418,103,15,-14.3095,-3.97473,1.08609,3.41116,14.8903,30079
20111104T013555.419421,1,18,-15.0994,-3.60608,1.05469,3.37733,15.5592,30084
20111104T013555.419431,25,0,-14.1983,-4.33544,1.67298,3.43932,14.9388,30108
20111104T013555.419432,52,1,-14.2223,-3.81887,1.5754,3.40254,14.8094,30110
20111104T013555.419434,1,4,-15.2429,-3.44343,1.61881,3.36507,15.71,30114
20111104T013555.419440,92,12,-14.4244,-4.43287,0.666034,3.4411,15.1042,30130
20111104T013555.419441,84,14,-14.2934,-4.61142,1.17654,3.45503,15.0642,30133
20111104T013555.419442,119,15,-14.2964,-4.04373,1.08658,3.41587,14.8963,30134
20111104T013555.419454,49,0,-14.239,-4.44596,1.68171,3.4456,15.0108,30160
20111104T013555.419455,98,1,-14.2133,-3.91235,1.57725,3.40882,14.8254,30162
20111104T013555.419457,1,4,-14.9249,-3.46988,1.58461,3.37135,15.404,30167
20111104T013555.419463,71,12,-14.4267,-4.53303,0.667737,3.44738,15.1362,30183
20111104T013555.419464,1,13,-14.8111,-4.05752,0.594054,3.40766,15.3677,30185
20111104T013555.419464,88,14,-14.2906,-4.7099,1.17898,3.46131,15.0922,30187
20111104T013555.419465,70,15,-14.3013,-4.14231,1.08921,3.42216,14.9283,30189
20111104T013555.419467,1,18,-15.6912,-3.93115,1.1048,3.38833,16.2132,30195
20111104T013555.419477,97,0,-14.2524,-4.54867,1.68704,3.45189,15.0548,30220
20111104T013555.419478,95,1,-14.1961,-4.00372,1.57818,3.4151,14.8334,30222
20111104T013555.419480,33,4,-14.6458,-3.50177,1.55488,3.37763,15.138,30228
20111104T013555.419486,85,12,-14.4303,-4.63401,0.669546,3.45366,15.1702,30244
20111104T013555.419487,1,13,-14.7584,-4.14298,0.592721,3.41394,15.3397,30246
20111104T013555.419488,85,14,-14.2852,-4.8079,1.18125,3.4676,15.1182,30248
20111104T013555.419488,34,15,-14.2731,-4.23152,1.08904,3.42844,14.9263,30250
20111104T013555.419490,1,18,-14.4035,-3.70319,1.00458,3.39461,14.9052,30255
20111104T013555.419501,31,0,-14.2329,-4.64122,1.68825,3.45817,15.0648,30280
20111104T013555.419501,193,1,-14.1668,-4.09174,1.57771,3.42139,14.8294,30282
20111104T013555.419504,47,4,-14.4614,-3.55366,1.53611,3.38392,14.97,30286
20111104T013555.419509,71,12,-14.4407,-4.73771,0.671781,3.45995,15.2122,30301
20111104T013555.419511,80,14,-14.3,-4.91315,1.18543,3.47388,15.1662,30304
20111104T013555.419512,44,15,-14.3207,-4.34358,1.09545,3.43472,15.0043,30306
20111104T013555.419514,1,18,-14.351,-3.78595,1.00228,3.4009,14.8752,30311
20111104T013555.419637,36,0,-14.3089,-4.76583,1.70182,3.46445,15.1768,30336
20111104T013555.419640,147,4,-14.2308,-3.59164,1.51197,3.3902,14.754,30343
20111104T013555.419646,94,12,-14.439,-4.83791,0.673377,3.46623,15.2422,30358
20111104T013555.419647,84,14,-14.3007,-5.01416,1.1884,3.48016,15.2002,30361
20111104T013555.419648,50,15,-14.3083,-4.43818,1.09677,3.44101,15.0203,30363
20111104T013555.419650,173,18,-14.2423,-3.85301,0.995541,3.40718,14.7872,30368
20111104T013555.419651,1,19,-15.6739,-3.62293,0.998087,3.36748,16.1175,30370
20111104T013555.419660,44,0,-14.3463,-4.87874,1.71054,3.47074,15.2488,30392
20111104T013555.419663,206,4,-14.2349,-3.688,1.5151,3.39648,14.782,30398
20111104T013555.419669,86,12,-14.4405,-4.93957,0.675186,3.47251,15.2762,30414
20111104T013555.419671,74,14,-14.299,-5.11469,1.19119,3.48645,15.2322,30417
20111104T013555.419671,55,15,-14.3182,-4.53999,1.10005,3.44729,15.0603,30419
20111104T013555.419674,148,18,-14.3023,-3.96598,1.00228,3.41346,14.8752,30424
20111104T013555.419684,64,0,-14.2519,-4.92157,1.70133,3.47545,15.1728,30449
20111104T013555.419685,12,1,-14.227,-4.37661,1.5939,3.43867,14.9694,30451
20111104T013555.419687,171,4,-14.2404,-3.76116,1.51778,3.4012,14.806,30457
20111104T013555.419687,1,5,-15.2823,-3.44228,1.51587,3.36184,15.7377,30459
20111104T013555.419693,89,12,-14.4623,-5.02335,0.67774,3.47723,15.3242,30473
20111104T013555.419694,124,14,-14.3234,-5.19975,1.19572,3.49116,15.2842,30476
20111104T013555.419695,50,15,-14.3365,-4.62019,1.10351,3.452,15.1023,30478
20111104T013555.419697,123,18,-14.3161,-4.04259,1.00489,3.41817,14.9092,30482
20111104T013555.419698,8,19,-15.1716,-3.68362,0.96455,3.37848,15.6415,30484
20111104T013555.419707,66,0,-14.29,-5.03553,1.7103,3.48173,15.2468,30506
20111104T013555.419708,1,1,-14.2409,-4.47897,1.59899,3.44495,15.0134,30508
20111104T013555.419710,129,4,-14.2337,-3.85526,1.51979,3.40748,14.824,30514
20111104T013555.419711,1,5,-15.1402,-3.51054,1.50285,3.36813,15.6137,30516
20111104T013555.419716,95,12,-14.4681,-5.12751,0.679869,3.48351,15.3642,30530
20111104T013555.419717,45,14,-14.3296,-5.30422,1.19939,3.49744,15.3262,30533
20111104T013555.419718,26,15,-14.3545,-4.7257,1.10761,3.45829,15.1523,30535
20111104T013555.419720,109,18,-14.3191,-4.14081,1.00719,3.42446,14.9392,30539
20111104T013555.419721,1,19,-15.6806,-3.91097,1.0033,3.38476,16.1915,30541
20111104T013555.419730,99,0,-14.3047,-5.14207,1.71635,3.48801,15.2968,30566
20111104T013555.419731,1,1,-14.2314,-4.57441,1.6013,3.45123,15.0334,30568
20111104T013555.419733,112,4,-14.2245,-3.94889,1.52158,3.41376,14.84,30574
20111104T013555.419734,1,5,-14.8624,-3.54503,1.47512,3.37441,15.3497,30576
20111104T013555.419735,1,6,-14.3151,-4.19783,2.03924,3.4282,15.056,30578
20111104T013555.419739,85,12,-14.4675,-5.2299,0.681678,3.48979,15.3982,30590
20111104T013555.419741,111,14,-14.3482,-5.41392,1.20427,3.50373,15.3822,30593
20111104T013555.419741,1,15,-14.489,-4.87084,1.12191,3.46457,15.3263,30595
20111104T013555.419744,1,19,-15.6828,-4.01632,1.00527,3.39104,16.2195,30600
20111104T013555.419754,77,0,-14.2945,-5.24007,1.71926,3.4943,15.3208,30622
20111104T013555.419754,1,1,-14.5045,-4.7625,1.6383,3.45752,15.3534,30624
20111104T013555.419757,116,4,-14.2243,-4.04529,1.52449,3.42005,14.866,30630
20111104T013555.419757,1,5,-14.6563,-3.59359,1.45516,3.38069,15.1597,30632
20111104T013555.419758,1,6,-14.2373,-4.27226,2.03144,3.43449,15.002,30634
20111104T013555.419762,82,12,-14.483,-5.33872,0.684445,3.49607,15.4502,30646
20111104T013555.419764,48,14,-14.3585,-5.52118,1.20846,3.51001,15.4302,30649
20111104T013555.419765,48,15,-14.5071,-4.97853,1.12618,3.47085,15.3783,30651
20111104T013555.419768,1,19,-14.4451,-3.79785,0.91678,3.39733,14.9635,30657
20111104T013555.419935,76,0,-14.304,-5.34583,1.72483,3.50058,15.3668,30682
20111104T013555.419936,48,1,-14.4442,-4.84347,1.6346,3.4638,15.3214,30684
20111104T013555.419938,217,4,-14.2157,-4.13961,1.5265,3.42633,14.884,30690
20111104T013555.419939,26,5,-14.3922,-3.62521,1.42891,3.38698,14.9097,30692
20111104T013555.419940,1,6,-14.2499,-4.37388,2.03751,3.44077,15.044,30694
20111104T013555.419944,85,12,-14.4828,-5.4423,0.68636,3.50236,15.4862,30706
20111104T013555.419945,59,14,-14.3699,-5.62952,1.21282,3.51629,15.4802,30709
20111104T013555.419946,82,15,-14.5866,-5.10831,1.13588,3.47713,15.4963,30711
20111104T013555.419947,1,16,-15.5153,-4.56043,0.557759,3.42873,16.1807,30713
20111104T013555.419948,19,18,-14.5508,-4.50715,1.03232,3.44331,15.2672,30717
20111104T013555.419949,99,19,-14.3035,-3.85701,0.908184,3.40361,14.8415,30719
20111104T013555.419958,82,0,-14.3165,-5.45332,1.73089,3.50686,15.4168,30742
20111104T013555.419959,107,1,-14.2649,-4.8835,1.61633,3.47008,15.1634,30744
20111104T013555.419961,148,4,-14.2161,-4.23683,1.52963,3.43261,14.912,30750
20111104T013555.419962,83,5,-14.2882,-3.69476,1.42008,3.39326,14.8257,30752
20111104T013555.419963,32,6,-14.3089,-4.49071,2.0508,3.44705,15.136,30754
20111104T013555.419967,72,12,-14.4782,-5.54466,0.688063,3.50864,15.5182,30766
20111104T013555.419969,65,14,-14.362,-5.73081,1.21544,3.52257,15.5102,30769
20111104T013555.419969,51,15,-14.6669,-5.23995,1.14574,3.48342,15.6163,30771
20111104T013555.419972,1,18,-14.4937,-4.58942,1.03002,3.44959,15.2372,30775
20111104T013555.419972,155,19,-14.3136,-3.95633,0.910721,3.40989,14.8775,30777
20111104T013555.419975,1,22,-15.5825,-3.68967,0.90726,3.37536,16.0384,30783
20111104T013555.419982,85,0,-14.3351,-5.53796,1.73671,3.51158,15.4648,30800
20111104T013555.419983,35,1,-14.2549,-4.95522,1.61795,3.47479,15.1774,30802
20111104T013555.419985,65,5,-14.2668,-3.76105,1.41966,3.39797,14.8217,30809
20111104T013555.419986,42,6,-14.2725,-4.55325,2.04849,3.45177,15.12,30811
20111104T013555.419988,1,8,-15.5572,-3.49149,1.4667,3.36364,16.0109,30815
20111104T013555.419991,80,12,-14.5133,-5.63677,0.691575,3.51335,15.5842,30823
20111104T013555.419992,62,14,-14.381,-5.81716,1.2198,3.52729,15.5602,30826
20111104T013555.419993,96,15,-14.7676,-5.35436,1.15675,3.48813,15.7503,30828
20111104T013555.419996,88,19,-14.3524,-4.03987,0.914948,3.41461,14.9375,30834
20111104T013555.419998,23,22,-15.5203,-3.75221,0.904264,3.38008,15.9924,30839
20111104T013555.420005,73,0,-14.3388,-5.64323,1.7418,3.51786,15.5068,30858
20111104T013555.420006,120,1,-14.2946,-5.06982,1.62674,3.48108,15.2534,30860
20111104T013555.420008,74,4,-14.5975,-4.52649,1.58014,3.44361,15.364,30864
20111104T013555.420009,73,5,-14.2468,-3.85165,1.42008,3.40425,14.8257,30866
20111104T013555.420010,46,7,-14.1843,-4.05074,1.94032,3.41839,14.8778,30869
20111104T013555.420014,68,12,-14.5054,-5.7389,0.693171,3.51964,15.6142,30878
20111104T013555.420015,104,14,-14.3809,-5.92263,1.22328,3.53357,15.6002,30881
20111104T013555.420016,54,15,-14.6084,-5.4009,1.14574,3.49441,15.6163,30883
20111104T013555.420019,114,19,-14.3191,-4.12777,0.914384,3.42089,14.9295,30889
20111104T013555.420021,1,22,-15.5777,-3.86997,0.909736,3.38636,16.0764,30894
20111104T013555.420028,80,0,-14.3472,-5.751,1.74761,3.52414,15.5548,30912
20111104T013555.420029,42,1,-14.2737,-5.16358,1.62813,3.48736,15.2654,30914
20111104T013555.420031,101,4,-14.5707,-4.61872,1.58037,3.44989,15.366,30919
20111104T013555.420032,73,5,-14.2491,-3.94848,1.42302,3.41054,14.8537,30921
20111104T013555.420033,21,6,-14.2968,-4.75986,2.06121,3.46433,15.208,30923
20111104T013555.420033,25,7,-14.2746,-4.17353,1.95735,3.42467,14.9998,30925
20111104T013555.420034,1,8,-14.9489,-3.55209,1.4084,3.37621,15.4289,30927
20111104T013555.420037,68,12,-14.5321,-5.85539,0.696789,3.52592,15.6822,30935
20111104T013555.420039,49,14,-14.4059,-6.03914,1.22922,3.53985,15.6682,30938
20111104T013555.420039,31,15,-14.5536,-5.48487,1.14393,3.5007,15.5943,30940
20111104T013555.420041,1,18,-14.3877,-4.83087,1.02803,3.46687,15.2112,30945
20111104T013555.420044,1,22,-15.6768,-3.9995,0.918074,3.39264,16.2044,30951
20111104T013555.420052,76,0,-14.3567,-5.85985,1.75367,3.53043,15.6048,30968
20111104T013555.420052,64,1,-14.31,-5.2785,1.63668,3.49364,15.3394,30970
20111104T013555.420055,74,4,-14.5225,-4.70403,1.57813,3.45617,15.346,30976
20111104T013555.420055,78,5,-14.2489,-4.04496,1.42576,3.41682,14.8797,30978
20111104T013555.420057,1,7,-14.2538,-4.26483,1.95819,3.43095,15.0058,30982
20111104T013555.420058,28,8,-14.6847,-3.5866,1.38336,3.38249,15.1789,30984
20111104T013555.420060,57,12,-14.5393,-5.96483,0.699343,3.5322,15.7302,30992
20111104T013555.420062,60,14,-14.408,-6.14679,1.23305,3.54614,15.7122,30995
20111104T013555.420065,54,18,-14.4645,-4.95818,1.03676,3.47315,15.3252,31001
20111104T013555.420201,72,0,-14.3673,-5.96981,1.75997,3.53671,15.6568,31026
20111104T013555.420202,68,1,-14.31,-5.38085,1.64085,3.49993,15.3754,31028
20111104T013555.420204,70,4,-14.4926,-4.79518,1.57813,3.46246,15.346,31034
20111104T013555.420205,169,5,-14.1449,-4.11175,1.41714,3.4231,14.7977,31036
20111104T013555.420206,149,7,-14.3101,-4.37969,1.97047,3.43724,15.0938,31040
20111104T013555.420207,82,8,-14.5017,-3.63839,1.36673,3.38877,15.0129,31042
20111104T013555.420208,87,10,-14.6022,-3.88458,1.90557,3.40294,15.2291,31046
20111104T013555.420211,1,13,-14.9476,-5.59984,0.622909,3.49877,15.9737,31052
20111104T013555.420211,96,14,-14.4275,-6.26266,1.23864,3.55242,15.7762,31054
20111104T013555.420212,1,15,-14.4817,-5.6666,1.14377,3.51326,15.5923,31056
20111104T013555.420214,59,18,-14.5836,-5.10184,1.04902,3.47944,15.4852,31061
20111104T013555.420215,46,19,-14.6335,-4.51824,0.943554,3.43974,15.3435,31063
20111104T013555.420217,1,22,-14.5425,-3.90392,0.844852,3.40521,15.0804,31069
20111104T013555.420224,81,0,-14.3861,-6.08401,1.76748,3.54299,15.7188,31088
20111104T013555.420225,66,1,-14.3261,-5.48979,1.64709,3.50621,15.4294,31090
20111104T013555.420227,84,4,-14.3662,-4.85358,1.56673,3.46874,15.244,31096
20111104T013555.420228,168,5,-14.2408,-4.23668,1.43059,3.42939,14.9257,31098
20111104T013555.420230,80,7,-14.2464,-4.45833,1.96517,3.44352,15.0558,31102
20111104T013555.420230,57,8,-14.3476,-3.6955,1.35311,3.39506,14.8769,31104
20111104T013555.420232,68,10,-14.6502,-3.99617,1.91576,3.40923,15.3051,31108
20111104T013555.420234,1,13,-15.1157,-5.77106,0.63329,3.50505,16.1917,31114
20111104T013555.420235,51,14,-14.4243,-6.36933,1.24212,3.5587,15.8162,31116
20111104T013555.420235,1,15,-14.5681,-5.80602,1.15461,3.51955,15.7243,31118
20111104T013555.420238,122,18,-14.6676,-5.23508,1.05852,3.48572,15.6092,31123
20111104T013555.420238,62,19,-14.5972,-4.6077,0.94299,3.44602,15.3355,31125
20111104T013555.420241,92,22,-14.3676,-3.95371,0.83469,3.41149,14.9244,31131
20111104T013555.420248,72,0,-14.3938,-6.16742,1.77232,3.5477,15.7588,31147
20111104T013555.420249,70,1,-14.3334,-5.57014,1.65125,3.51092,15.4654,31149
20111104T013555.420251,106,4,-14.2474,-4.8882,1.55533,3.47345,15.142,31155
20111104T013555.420251,60,5,-14.2512,-4.31292,1.43395,3.4341,14.9577,31157
20111104T013555.420253,110,7,-14.2573,-4.53558,1.96991,3.44823,15.0898,31161
20111104T013555.420254,149,8,-14.2896,-3.7524,1.3489,3.39977,14.8349,31163
20111104T013555.420254,1,9,-15.6934,-3.50946,1.35667,3.36033,16.1376,31165
20111104T013555.420255,66,10,-14.6789,-4.07849,1.92247,3.41394,15.3551,31167
20111104T013555.420258,55,14,-14.4377,-6.45681,1.24631,3.56342,15.8642,31175
20111104T013555.420264,173,22,-14.3431,-4.01974,0.834299,3.4162,14.9184,31186
20111104T013555.420265,1,23,-15.4889,-3.7378,0.811184,3.37711,15.9535,31188
20111104T013555.420271,77,0,-14.4002,-6.27763,1.77838,3.55399,15.8088,31205
20111104T013555.420272,65,1,-14.3314,-5.67321,1.65541,3.51721,15.5014,31207
20111104T013555.420274,68,4,-14.2595,-4.99278,1.56047,3.47974,15.188,31212
20111104T013555.420275,84,5,-14.2181,-4.40062,1.43332,3.44038,14.9517,31214
20111104T013555.420276,36,7,-14.3001,-4.64823,1.98052,3.45452,15.1658,31218
20111104T013555.420277,218,8,-14.3118,-3.8546,1.35371,3.40605,14.8829,31220
20111104T013555.420278,1,9,-15.2751,-3.51734,1.3189,3.36662,15.7296,31222
20111104T013555.420278,36,10,-14.2738,-4.06216,1.8691,3.42022,14.9571,31224
20111104T013555.420281,94,14,-14.464,-6.578,1.25276,3.5697,15.9382,31232
20111104T013555.420284,65,18,-14.6709,-5.41892,1.06358,3.49671,15.6752,31239
20111104T013555.420285,9,19,-14.3465,-4.70294,0.928194,3.45702,15.1255,31241
20111104T013555.420287,87,22,-14.3789,-4.12749,0.838468,3.42249,14.9824,31246
20111104T013555.420288,1,23,-15.4767,-3.83791,0.811898,3.38339,15.9655,31248
20111104T013555.420294,71,0,-14.4131,-6.39139,1.78541,3.56027,15.8668,31263
20111104T013555.420295,108,1,-14.3452,-5.78313,1.66166,3.52349,15.5554,31265
20111104T013555.420297,45,4,-14.2783,-5.1004,1.56651,3.48602,15.242,31271
20111104T013555.420298,83,5,-14.23,-4.50241,1.43773,3.44667,14.9937,31273
20111104T013555.420299,37,7,-14.2706,-4.73799,1.98052,3.4608,15.1658,31277
20111104T013555.420300,155,8,-14.2873,-3.94444,1.35371,3.41233,14.8829,31279
20111104T013555.420301,149,9,-15.0278,-3.56029,1.29742,3.3729,15.4976,31281
20111104T013555.420302,24,10,-14.3259,-4.17461,1.88009,3.42651,15.0391,31283
20111104T013555.420302,1,11,-14.6321,-3.69122,1.79615,3.38736,15.1964,31285
20111104T013555.420305,55,14,-14.4657,-6.68887,1.25695,3.57598,15.9862,31291
20111104T013555.420307,70,18,-14.7224,-5.54343,1.07063,3.503,15.7672,31298
20111104T013555.420308,1,19,-14.451,-4.83778,0.938199,3.4633,15.2675,31300
20111104T013555.420310,40,22,-14.3527,-4.21775,0.838468,3.42877,14.9824,31305
20111104T013555.420311,1,23,-15.5336,-3.95567,0.816893,3.38968,16.0495,31307
20111104T013555.420318,72,0,-14.4143,-6.50065,1.79098,3.56655,15.9128,31323
20111104T013555.420318,43,1,-14.3362,-5.88443,1.66513,3.52977,15.5854,31325
20111104T013555.420321,91,4,-14.2647,-5.19684,1.56874,3.4923,15.262,31331
20111104T013555.420321,101,5,-14.2223,-4.59843,1.44004,3.45295,15.0157,31333
20111104T013555.420324,119,8,-14.2776,-4.03849,1.35531,3.41862,14.8989,31339
20111104T013555.420324,42,9,-14.8813,-3.62465,1.28557,3.37918,15.3696,31341
20111104T013555.420325,1,10,-14.2596,-4.25259,1.87446,3.43279,14.9971,31343
20111104T013555.420326,1,11,-14.6336,-3.78951,1.79946,3.39364,15.2224,31345
20111104T013555.420328,78,14,-14.4721,-6.80257,1.26166,3.58227,16.0402,31351
20111104T013555.420329,1,15,-14.6713,-6.25124,1.17647,3.54311,15.9903,31353
20111104T013555.420332,1,19,-14.4034,-4.92269,0.936931,3.46958,15.2495,31360
20111104T013555.420334,1,23,-15.607,-4.07881,0.822959,3.39596,16.1515,31367
20111104T013555.420482,162,0,-14.3461,-6.57864,1.78735,3.57284,15.8828,31384
20111104T013555.420483,61,1,-14.3576,-5.99882,1.67253,3.53606,15.6494,31386
20111104T013555.420485,47,4,-14.2839,-5.30581,1.575,3.49859,15.318,31392
20111104T013555.420486,72,5,-14.2517,-4.70696,1.44655,3.45923,15.0777,31394
20111104T013555.420488,98,8,-14.271,-4.13368,1.35731,3.4249,14.9189,31400
20111104T013555.420489,64,10,-14.2686,-4.35314,1.87956,3.43907,15.0351,31403
20111104T013555.420490,54,11,-14.5845,-3.8748,1.79615,3.39992,15.1964,31404
20111104T013555.420492,77,14,-14.4973,-6.92609,1.26829,3.58855,16.1162,31410
20111104T013555.420495,1,18,-14.529,-5.67991,1.06051,3.51556,15.6352,31415
20111104T013555.420496,48,19,-14.5587,-5.07789,0.950881,3.47587,15.4475,31417
20111104T013555.420498,23,22,-14.7638,-4.54156,0.870258,3.44134,15.4704,31423
20111104T013555.420506,103,1,-14.3708,-6.11061,1.679,3.54234,15.7054,31441
20111104T013555.420508,80,4,-14.2819,-5.40746,1.5788,3.50487,15.352,31447
20111104T013555.420509,83,5,-14.2407,-4.80274,1.44865,3.46552,15.0977,31449
20111104T013555.420511,161,8,-14.2505,-4.22497,1.35791,3.43118,14.9249,31455
20111104T013555.420512,47,9,-14.3599,-3.69008,1.24003,3.39175,14.8776,31457
20111104T013555.420513,163,10,-14.171,-4.42077,1.86963,3.44536,14.9611,31459
20111104T013555.420514,46,11,-14.2823,-3.89113,1.75926,3.40621,14.9064,31461
20111104T013555.420516,80,14,-14.5162,-7.04758,1.27439,3.59483,16.1862,31467
20111104T013555.420519,111,19,-14.6732,-5.22125,0.961872,3.48215,15.6035,31475
20111104T013555.420522,48,22,-14.5523,-4.57652,0.857751,3.44762,15.2784,31481
20111104T013555.420522,1,23,-14.3682,-3.95021,0.74969,3.40853,14.9195,31483
20111104T013555.420530,46,1,-14.3747,-6.19237,1.68316,3.54705,15.7414,31499
20111104T013555.420532,39,4,-14.3341,-5.50473,1.58819,3.50958,15.436,31505
20111104T013555.420532,58,5,-14.2743,-4.88905,1.45495,3.47023,15.1577,31507
20111104T013555.420535,105,8,-14.2571,-4.30016,1.36072,3.4359,14.9529,31513
20111104T013555.420535,149,9,-14.3038,-3.74767,1.23632,3.39646,14.8376,31515
20111104T013555.420536,45,10,-14.2973,-4.53443,1.89055,3.45007,15.1171,31517
20111104T013555.420537,67,11,-14.2733,-3.96103,1.76054,3.41092,14.9164,31519
20111104T013555.420539,67,14,-14.515,-7.13176,1.27753,3.59954,16.2222,31525
20111104T013555.420540,1,15,-14.481,-6.46813,1.16924,3.56039,15.9023,31527
20111104T013555.420543,50,19,-14.8662,-5.36866,0.978218,3.48686,15.8355,31534
20111104T013555.420546,164,23,-14.3533,-4.01895,0.749928,3.41324,14.9235,31540
20111104T013555.420552,29,0,-14.427,-6.92022,1.814,3.59012,16.1028,31556
20111104T013555.420553,56,1,-14.3883,-6.30562,1.68987,3.55333,15.7994,31558
20111104T013555.420555,55,4,-14.3011,-5.59541,1.58841,3.51586,15.438,31564
20111104T013555.420556,120,5,-14.2997,-4.99826,1.46126,3.47651,15.2177,31566
20111104T013555.420558,74,8,-14.2431,-4.39378,1.36212,3.44218,14.9669,31572
20111104T013555.420559,203,9,-14.2781,-3.83696,1.23614,3.40275,14.8356,31574
20111104T013555.420559,108,10,-14.2798,-4.62786,1.89216,3.45635,15.1291,31576
20111104T013555.420560,69,11,-14.2463,-4.05009,1.76028,3.4172,14.9144,31578
20111104T013555.420562,65,14,-14.5394,-7.25761,1.28434,3.60583,16.3002,31584
20111104T013555.420563,1,15,-14.1713,-6.43733,1.14492,3.56667,15.6063,31586
20111104T013555.420566,95,19,-14.7011,-5.41387,0.968354,3.49315,15.6955,31593
20111104T013555.420568,32,22,-14.3968,-4.70203,0.850585,3.45862,15.1684,31599
20111104T013555.420569,82,23,-14.3758,-4.12275,0.752901,3.41952,14.9735,31601
20111104T013555.420575,138,0,-14.3494,-6.99416,1.8094,3.5964,16.0648,31617
20111104T013555.420576,98,1,-14.4065,-6.42171,1.69727,3.55962,15.8634,31619
20111104T013555.420578,43,4,-14.3155,-5.70509,1.59445,3.52215,15.492,31625
20111104T013555.420579,75,5,-14.2999,-5.09932,1.46483,3.48279,15.2517,31627
20111104T013555.420581,97,8,-14.2247,-4.48619,1.36312,3.44846,14.9769,31633
20111104T013555.420582,130,9,-14.2902,-3.93659,1.23966,3.40903,14.8736,31635
20111104T013555.420583,62,10,-14.2768,-4.72624,1.89592,3.46263,15.1571,31637
20111104T013555.420583,35,11,-14.2434,-4.14614,1.76333,3.42349,14.9384,31639
20111104T013555.420586,61,14,-14.5521,-7.37863,1.29009,3.61211,16.3662,31645
20111104T013555.420586,45,15,-14.4873,-6.69042,1.17729,3.57295,16.0003,31647
20111104T013555.420592,72,23,-14.3534,-4.21411,0.753139,3.4258,14.9775,31660
20111104T013555.420599,56,0,-14.451,-7.15661,1.82926,3.60268,16.2288,31674
20111104T013555.420599,47,1,-14.3967,-6.526,1.7012,3.5659,15.8974,31676
20111104T013555.420602,33,4,-14.3069,-5.80617,1.5978,3.52843,15.522,31682
20111104T013555.420602,79,5,-14.3031,-5.20194,1.46882,3.48908,15.2897,31684
20111104T013555.420605,79,8,-14.2473,-4.59203,1.36853,3.45475,15.0309,31690
20111104T013555.420605,91,9,-14.2824,-4.03115,1.24132,3.41531,14.8916,31692
20111104T013555.420607,28,11,-14.2247,-4.23781,1.76435,3.42977,14.9464,31695
20111104T013555.420609,91,14,-14.5709,-7.50375,1.29655,3.61839,16.4402,31701
20111104T013555.420610,59,15,-14.5153,-6.81426,1.1837,3.57924,16.0783,31703
20111104T013555.420615,1,22,-14.4366,-4.9168,0.85749,3.47118,15.2744,31715
20111104T013555.420781,49,0,-14.4341,-7.26158,1.83314,3.60897,16.2608,31732
20111104T013555.420782,149,1,-14.4691,-6.66857,1.71577,3.57218,16.0234,31734
20111104T013555.420784,41,4,-14.3326,-5.92183,1.6054,3.53471,15.59,31739
20111104T013555.420785,94,5,-14.2962,-5.30135,1.47176,3.49536,15.3177,31741
20111104T013555.420787,85,8,-14.239,-4.68833,1.37074,3.46103,15.0529,31747
20111104T013555.420788,90,9,-14.2683,-4.12411,1.24243,3.42159,14.9036,31749
20111104T013555.420788,28,10,-14.6844,-5.06752,1.96296,3.4752,15.6571,31751
20111104T013555.420789,90,11,-14.23,-4.33689,1.76868,3.43605,14.9804,31753
20111104T013555.420791,38,14,-14.6135,-7.64235,1.30544,3.62468,16.5422,31759
20111104T013555.420792,47,15,-14.5154,-6.92587,1.18764,3.58552,16.1263,31761
20111104T013555.420795,1,19,-14.602,-5.69217,0.968777,3.512,15.7015,31767
20111104T013555.420797,57,22,-14.5751,-5.06661,0.869216,3.47747,15.4544,31772
20111104T013555.420804,38,0,-14.4465,-7.38201,1.84114,3.61525,16.3268,31790
20111104T013555.420805,38,1,-14.4089,-6.75095,1.71346,3.57847,16.0034,31792
20111104T013555.420807,46,4,-14.3317,-6.02723,1.60987,3.541,15.63,31798
20111104T013555.420808,76,5,-14.3166,-5.41139,1.47785,3.50164,15.3757,31800
20111104T013555.420810,75,8,-14.2526,-4.79235,1.37534,3.46731,15.0989,31806
20111104T013555.420811,91,9,-14.2536,-4.21705,1.24354,3.42788,14.9156,31808
20111104T013555.420813,150,11,-14.2347,-4.4362,1.773,3.44234,15.0144,31812
20111104T013555.420815,26,15,-14.547,-7.05337,1.19454,3.5918,16.2103,31820
20111104T013555.420821,83,22,-14.6858,-5.20898,0.879118,3.48375,15.6064,31832
20111104T013555.420828,36,0,-14.5807,-7.53774,1.8644,3.61996,16.5188,31849
20111104T013555.420831,47,4,-14.3507,-6.11501,1.61568,3.54571,15.682,31856
20111104T013555.420831,86,5,-14.3318,-5.49441,1.48247,3.50636,15.4197,31858
20111104T013555.420834,120,8,-14.2675,-4.87237,1.37935,3.47202,15.1389,31864
20111104T013555.420834,97,9,-14.2545,-4.29045,1.24558,3.43259,14.9376,31866
20111104T013555.420836,99,11,-14.2572,-4.51695,1.77885,3.44705,15.0604,31870
20111104T013555.420839,1,15,-14.6264,-7.17702,1.2049,3.59652,16.3363,31878
20111104T013555.420841,1,18,-14.4273,-6.43953,1.07584,3.56269,15.8352,31884
20111104T013555.420851,18,0,-14.5805,-7.65418,1.87094,3.62624,16.5728,31907
20111104T013555.420852,26,1,-14.4502,-6.96489,1.72849,3.58946,16.1334,31909
20111104T013555.420854,68,4,-14.3612,-6.22647,1.62172,3.55199,15.736,31915
20111104T013555.420855,89,5,-14.3452,-5.6031,1.48793,3.51264,15.4717,31917
20111104T013555.420857,91,8,-14.2911,-4.98098,1.38516,3.47831,15.1969,31923
20111104T013555.420858,85,9,-14.2596,-4.38985,1.24873,3.43887,14.9716,31925
20111104T013555.420859,37,11,-14.2606,-4.61679,1.78318,3.45333,15.0944,31929
20111104T013555.420862,1,15,-14.6614,-7.30869,1.21229,3.6028,16.4263,31937
20111104T013555.420864,48,18,-14.3031,-6.49203,1.06879,3.56897,15.7432,31942
20111104T013555.420865,1,19,-15.9052,-6.51681,1.07587,3.52927,17.2215,31944
20111104T013555.420867,1,22,-14.6258,-5.36945,0.878988,3.49474,15.6044,31950
20111104T013555.420875,1,1,-14.4865,-7.09476,1.73889,3.59575,16.2234,31969
20111104T013555.420877,65,4,-14.369,-6.33749,1.62753,3.55828,15.788,31975
20111104T013555.420878,71,5,-14.3486,-5.70851,1.49235,3.51892,15.5137,31977
20111104T013555.420880,87,8,-14.2858,-5.08005,1.38797,3.48459,15.2249,31983
20111104T013555.420881,88,9,-14.2546,-4.4865,1.25095,3.44516,14.9956,31985
20111104T013555.420882,29,11,-14.2577,-4.71498,1.78674,3.45961,15.1224,31989
20111104T013555.420887,29,18,-15.2627,-7.04514,1.15353,3.57525,16.8492,32003
20111104T013555.420898,86,1,-14.4755,-7.20242,1.74329,3.60203,16.2614,32028
20111104T013555.420901,64,4,-14.3797,-6.45049,1.63379,3.56456,15.844,32034
20111104T013555.420901,78,5,-14.3548,-5.81567,1.49718,3.52521,15.5597,32036
20111104T013555.420904,100,8,-14.2928,-5.18401,1.39217,3.49087,15.2669,32042
20111104T013555.420904,76,9,-14.264,-4.58812,1.25465,3.45144,15.0356,32044
20111104T013555.420906,36,11,-14.3425,-4.84303,1.80225,3.4659,15.2444,32048
20111104T013555.420912,1,19,-15.7173,-6.67185,1.06784,3.54184,17.1075,32064
20111104T013555.420914,1,23,-15.7502,-5.35696,0.853052,3.46822,16.6575,32071
20111104T013555.421053,28,1,-14.4548,-7.30574,1.74653,3.60831,16.2894,32088
20111104T013555.421055,100,4,-14.3876,-6.56305,1.63982,3.57084,15.898,32094
20111104T013555.421056,79,5,-14.3456,-5.91709,1.50033,3.53149,15.5897,32096
20111104T013555.421058,85,8,-14.3066,-5.29103,1.39718,3.49716,15.3169,32102
20111104T013555.421059,46,9,-14.2501,-4.68261,1.25613,3.45772,15.0516,32104
20111104T013555.421060,44,11,-14.3268,-4.9382,1.80429,3.47218,15.2604,32108
20111104T013555.421066,1,19,-15.512,-6.70026,1.0553,3.54812,16.9295,32124
20111104T013555.421068,1,22,-14.6596,-5.69785,0.888629,3.51359,15.7524,32130
20111104T013555.421069,99,23,-14.7237,-5.11263,0.790488,3.4745,15.6055,32132
20111104T013555.421076,11,1,-14.5978,-7.49325,1.77127,3.61459,16.5034,32148
20111104T013555.421078,183,4,-14.3389,-6.64997,1.63893,3.57713,15.89,32154
20111104T013555.421079,77,5,-14.365,-6.0309,1.50684,3.53777,15.6517,32156
20111104T013555.421080,1,6,-14.527,-6.99431,2.21525,3.59157,16.274,32158
20111104T013555.421081,92,8,-14.3177,-5.39772,1.40199,3.50344,15.3649,32162
20111104T013555.421082,33,9,-14.2638,-4.78656,1.26039,3.46401,15.0976,32164
20111104T013555.421084,45,11,-14.3011,-5.03009,1.80505,3.47846,15.2664,32168
20111104T013555.421100,1,1,-14.5094,-7.53456,1.76433,3.61931,16.4434,32205
20111104T013555.421102,50,4,-14.4261,-6.77336,1.65368,3.58184,16.022,32211
20111104T013555.421102,82,5,-14.3786,-6.11638,1.51167,3.54248,15.6977,32213
20111104T013555.421103,1,6,-14.4655,-7.04878,2.21062,3.59628,16.242,32215
20111104T013555.421105,91,8,-14.3237,-5.47726,1.4054,3.50815,15.3989,32219
20111104T013555.421105,19,9,-14.2732,-4.8646,1.26354,3.46872,15.1316,32221
20111104T013555.421107,97,11,-14.3202,-5.11271,1.8109,3.48318,15.3124,32225
20111104T013555.421113,1,19,-14.4362,-6.42628,0.977937,3.55912,15.8315,32241
20111104T013555.421115,1,22,-15.8844,-6.37778,0.97931,3.52459,17.1444,32247
20111104T013555.421123,1,1,-14.5638,-7.67919,1.77774,3.62559,16.5594,32265
20111104T013555.421126,83,5,-14.3873,-6.22708,1.51713,3.54877,15.7497,32271
20111104T013555.421126,1,6,-14.4617,-7.15977,2.21727,3.60256,16.288,32273
20111104T013555.421128,92,8,-14.3224,-5.58019,1.409,3.51444,15.4349,32277
20111104T013555.421129,1,9,-14.1821,-4.93333,1.25762,3.475,15.0676,32279
20111104T013555.421130,77,11,-14.3121,-5.21138,1.81421,3.48946,15.3384,32283
20111104T013555.421148,84,4,-14.4381,-7.00193,1.66598,3.5944,16.132,32323
20111104T013555.421149,82,5,-14.3971,-6.33893,1.5228,3.55505,15.8037,32325
20111104T013555.421150,1,6,-14.5842,-7.33518,2.24473,3.60885,16.478,32327
20111104T013555.421151,81,8,-14.3333,-5.68849,1.41401,3.52072,15.4849,32330
20111104T013555.421152,65,9,-14.2879,-5.07078,1.27113,3.48129,15.2136,32332
20111104T013555.421153,80,11,-14.3218,-5.31702,1.82006,3.49574,15.3844,32336
20111104T013555.421172,42,4,-14.4366,-7.11365,1.67134,3.60069,16.18,32376
20111104T013555.421172,75,5,-14.4042,-6.45034,1.52827,3.56133,15.8557,32378
20111104T013555.421173,1,6,-14.6013,-7.45916,2.25513,3.61513,16.55,32380
20111104T013555.421175,84,8,-14.3452,-5.79788,1.41922,3.527,15.5369,32384
20111104T013555.421175,80,9,-14.2895,-5.17261,1.27446,3.48757,15.2496,32386
20111104T013555.421177,71,11,-14.3494,-5.42999,1.82846,3.50203,15.4504,32390
20111104T013555.421185,1,23,-14.4545,-5.50793,0.78347,3.50434,15.4875,32411
20111104T013555.421348,53,4,-14.436,-7.22651,1.67693,3.60697,16.23,32432
20111104T013555.421349,76,5,-14.4069,-6.56044,1.53331,3.56762,15.9037,32434
20111104T013555.421350,15,7,-14.5819,-6.89017,2.13435,3.58175,16.2678,32438
20111104T013555.421351,84,8,-14.3489,-5.90461,1.42363,3.53329,15.5809,32440
20111104T013555.421352,74,9,-14.3015,-5.27878,1.27891,3.49385,15.2976,32442
20111104T013555.421353,71,11,-14.3594,-5.53711,1.83456,3.50831,15.4984,32446
20111104T013555.421362,1,23,-14.6859,-5.70162,0.800479,3.51063,15.7735,32465
20111104T013555.421371,26,4,-14.5231,-7.3848,1.69369,3.61325,16.38,32487
20111104T013555.421372,104,5,-14.434,-6.6825,1.54129,3.5739,15.9797,32489
20111104T013555.421374,1,7,-14.474,-6.95087,2.1243,3.58803,16.1958,32493
20111104T013555.421374,78,8,-14.3592,-6.0147,1.42884,3.53957,15.6329,32495
20111104T013555.421375,81,9,-14.3091,-5.38391,1.28298,3.50013,15.3416,32497
20111104T013555.421377,73,11,-14.3632,-5.64241,1.8399,3.51459,15.5404,32501
20111104T013555.421385,1,22,-14.6057,-6.40267,0.902961,3.55601,15.9724,32520
20111104T013555.421385,1,23,-15.8088,-6.25045,0.8747,3.51691,17.0215,32522
20111104T013555.421395,1,4,-14.5959,-7.50875,1.70733,3.61797,16.502,32544
20111104T013555.421395,167,5,-14.4222,-6.7597,1.5436,3.57861,16.0017,32546
20111104T013555.421397,53,7,-14.4643,-7.03023,2.12793,3.59275,16.2218,32550
20111104T013555.421398,91,8,-14.3747,-6.10102,1.43364,3.54428,15.6809,32552
20111104T013555.421398,79,9,-14.319,-5.46472,1.2865,3.50485,15.3796,32554
20111104T013555.421400,67,11,-14.3862,-5.72978,1.84677,3.5193,15.5944,32558
20111104T013555.421418,41,4,-14.4622,-7.55511,1.69638,3.62425,16.404,32601
20111104T013555.421419,38,5,-14.4369,-6.87748,1.55032,3.5849,16.0657,32603
20111104T013555.421420,92,7,-14.4269,-7.12447,2.12905,3.59903,16.2298,32607
20111104T013555.421421,75,8,-14.3671,-6.20467,1.43705,3.55056,15.7149,32609
20111104T013555.421422,83,9,-14.327,-5.57113,1.29076,3.51113,15.4256,32611
20111104T013555.421423,65,11,-14.372,-5.82898,1.84982,3.52559,15.6184,32615
20111104T013555.421441,42,4,-14.5372,-7.71117,1.71202,3.63053,16.544,32657
20111104T013555.421442,42,5,-14.7302,-7.13056,1.58981,3.59118,16.4417,32659
20111104T013555.421444,85,8,-14.3879,-6.32131,1.44366,3.55685,15.7809,32664
20111104T013555.421445,31,9,-14.314,-5.66981,1.29298,3.51741,15.4496,32666
20111104T013555.421446,95,11,-14.3773,-5.93652,1.85568,3.53187,15.6644,32670
20111104T013555.421465,91,5,-14.8422,-7.30003,1.6083,3.59746,16.6177,32713
20111104T013555.421467,31,7,-14.4969,-7.38681,2.15445,3.6116,16.4118,32717
20111104T013555.421468,83,8,-14.3897,-6.43031,1.44827,3.56313,15.8269,32719
20111104T013555.421469,1,10,-14.4903,-6.72353,2.0225,3.5773,16.1011,32722
20111104T013555.421470,38,11,-14.3891,-6.04743,1.86254,3.53815,15.7184,32724
20111104T013555.421478,1,23,-14.5,-6.13344,0.799884,3.54047,15.7635,32745
20111104T013555.421652,72,5,-14.7996,-7.39491,1.60872,3.60375,16.6217,32770
20111104T013555.421654,86,8,-14.4015,-6.54454,1.45408,3.56941,15.8849,32775
20111104T013555.421655,1,9,-14.4683,-5.94199,1.31575,3.52998,15.6956,32777
20111104T013555.421655,1,10,-14.5284,-6.85259,2.03457,3.58359,16.1911,32779
20111104T013555.421656,35,11,-14.4019,-6.15949,1.86967,3.54444,15.7744,32781
20111104T013555.421665,149,23,-14.5015,-6.24174,0.802501,3.54676,15.8075,32802
20111104T013555.421675,31,5,-14.6606,-7.44106,1.5978,3.61003,16.5177,32825
20111104T013555.421677,90,8,-14.4052,-6.65582,1.45909,3.5757,15.9349,32831
20111104T013555.421678,60,9,-14.3516,-5.99985,1.30779,3.53626,15.6096,32833
20111104T013555.421679,1,10,-14.4654,-6.93429,2.03162,3.58987,16.1691,32835
20111104T013555.421680,22,11,-14.3939,-6.26328,1.87399,3.55072,15.8084,32837
20111104T013555.421698,39,5,-14.4784,-7.43484,1.58036,3.61474,16.3517,32883
20111104T013555.421701,85,8,-14.4277,-6.749,1.4651,3.58041,15.9949,32889
20111104T013555.421701,69,9,-14.3874,-6.09452,1.31427,3.54098,15.6796,32891
20111104T013555.421702,60,10,-14.5573,-7.0631,2.05039,3.59458,16.3091,32893
20111104T013555.421703,20,11,-14.4296,-6.35975,1.88315,3.55543,15.8804,32895
20111104T013555.421722,39,5,-14.4932,-7.55777,1.58771,3.62102,16.4217,32941
20111104T013555.421724,118,8,-14.4174,-6.85494,1.4687,3.58669,16.0309,32947
20111104T013555.421725,70,9,-14.38,-6.19816,1.31742,3.54726,15.7136,32949
20111104T013555.421725,100,10,-14.5056,-7.15091,2.04932,3.60086,16.3011,32951
20111104T013555.421726,1,11,-14.4382,-6.47214,1.89002,3.56172,15.9344,32953
20111104T013555.421745,84,5,-14.5474,-7.70254,1.5999,3.62731,16.5377,33001
20111104T013555.421747,73,8,-14.4224,-6.96882,1.47411,3.59298,16.0849,33007
20111104T013555.421748,68,9,-14.3809,-6.30593,1.32149,3.55354,15.7576,33009
20111104T013555.421749,45,10,-14.5489,-7.2864,2.06273,3.60715,16.4011,33011
20111104T013555.421749,1,11,-14.4713,-6.59637,1.90045,3.568,16.0164,33013
20111104T013555.421768,26,5,-14.5969,-7.8464,1.61166,3.63359,16.6497,33062
20111104T013555.421771,78,8,-14.414,-7.07689,1.47812,3.59926,16.1249,33068
20111104T013555.421771,67,9,-14.3974,-6.42123,1.32723,3.55982,15.8196,33070
20111104T013555.421772,48,10,-14.5046,-7.37857,2.063,3.61343,16.4031,33072
20111104T013555.421773,1,11,-14.435,-6.68966,1.90121,3.57428,16.0224,33074
20111104T013555.422002,89,8,-14.428,-7.1967,1.48473,3.60554,16.1909,33124
20111104T013555.422003,68,9,-14.4094,-6.53535,1.3326,3.56611,15.8776,33126
20111104T013555.422004,1,11,-14.4915,-6.82659,1.9152,3.58057,16.1324,33130
20111104T013555.422025,80,8,-14.4339,-7.31336,1.49054,3.61183,16.2489,33181
20111104T013555.422026,63,9,-14.406,-6.64322,1.33649,3.57239,15.9196,33183
20111104T013555.422028,1,11,-14.4232,-6.90555,1.91164,3.58685,16.1044,33187
20111104T013555.422049,61,8,-14.4612,-7.41315,1.49755,3.61654,16.3189,33237
20111104T013555.422049,114,9,-14.436,-6.7396,1.34278,3.5771,15.9876,33239
20111104T013555.422051,1,11,-14.3869,-6.97172,1.91113,3.59156,16.1004,33243
20111104T013555.422072,39,8,-14.5467,-7.57294,1.51258,3.62282,16.4689,33291
20111104T013555.422073,46,9,-14.4599,-6.86167,1.34963,3.58339,16.0616,33293
20111104T013555.422074,121,11,-14.4818,-7.13015,1.93097,3.59784,16.2564,33297
20111104T013555.422095,49,8,-14.5709,-7.70241,1.52079,3.6291,16.5509,33345
20111104T013555.422096,59,9,-14.4632,-6.97482,1.35445,3.58967,16.1136,33347
20111104T013555.422097,88,11,-14.4811,-7.24313,1.93733,3.60413,16.3064,33351
20111104T013555.422119,48,9,-14.4549,-7.08304,1.35815,3.59595,16.1536,33400
20111104T013555.422121,61,11,-14.483,-7.35817,1.9442,3.61041,16.3604,33404
20111104T013555.422208,46,9,-14.485,-7.2109,1.36593,3.60224,16.2376,33452
20111104T013555.422231,42,9,-14.4892,-7.32687,1.37111,3.60852,16.2936,33503
20111104T013555.422254,51,9,-14.5131,-7.42493,1.37722,3.61323,16.3596,33555
20111104T013555.422278,67,9,-14.5492,-7.55902,1.38592,3.61952,16.4536,33610
20111104T013555.422301,59,9,-14.609,-7.70683,1.39722,3.6258,16.5756,33663
