20111104T013718.565758,1,26,8.74013,8.05022,0.0801594,0.746043,11.882,4824
20111104T013718.565781,92,26,8.79012,8.19926,0.0826911,0.752326,12.02,4876
20111104T013718.565803,1,24,8.91765,8.18653,-0.317506,0.744359,12.1089,4925
20111104T013718.565805,97,26,8.72231,8.21312,0.0819573,0.757038,11.98,4928
20111104T013718.565818,1,12,8.86293,8.18241,0.504704,0.747181,12.0722,4955
20111104T013718.565827,87,24,8.80315,8.18375,-0.31623,0.750643,12.0229,4974
20111104T013718.565828,83,26,8.60407,8.20417,0.0802695,0.763322,11.888,4977
20111104T013718.565841,138,12,8.78804,8.21607,0.503001,0.753464,12.0402,5005
20111104T013718.565843,75,14,8.56785,8.23657,0.902151,0.767398,11.9182,5008
20111104T013718.565850,110,24,8.72685,8.21555,-0.315726,0.756926,11.9889,5026
20111104T013718.565851,157,26,8.43172,8.14119,0.0771875,0.769605,11.72,5029
20111104T013718.565864,79,12,8.70294,8.23949,0.500553,0.759748,11.9942,5055
20111104T013718.565866,82,14,8.35202,8.13013,0.882091,0.773681,11.6882,5058
20111104T013718.565873,86,24,8.61436,8.21216,-0.314479,0.763209,11.9049,5074
20111104T013718.565875,34,26,8.3647,8.1786,0.0767839,0.775888,11.698,5077
20111104T013718.565993,107,12,8.58767,8.23309,0.495871,0.766031,11.9062,5105
20111104T013718.565994,82,14,8.33619,8.21748,0.886452,0.779965,11.7382,5109
20111104T013718.566002,66,24,8.46923,8.17569,-0.31255,0.769492,11.7749,5124
20111104T013718.566003,64,26,8.33301,8.25073,0.0772975,0.782171,11.726,5127
20111104T013718.566004,1,27,8.81401,8.13457,0.014794,0.743635,11.9933,5129
20111104T013718.566016,69,12,8.37698,8.13219,0.484059,0.772314,11.6842,5158
20111104T013718.566018,85,14,8.32943,8.31481,0.892034,0.786248,11.8022,5162
20111104T013718.566018,1,15,8.77334,8.15338,0.849121,0.747091,12.0063,5164
20111104T013718.566025,62,24,8.3406,8.15312,-0.310948,0.775775,11.6669,5179
20111104T013718.566026,79,26,8.33316,8.3554,0.0786551,0.788454,11.8,5182
20111104T013718.566027,54,27,8.79492,8.21978,0.0153539,0.749919,12.0373,5184
20111104T013718.566040,89,12,8.35565,8.18838,0.485336,0.777026,11.7082,5213
20111104T013718.566041,82,14,8.342,8.40639,0.898488,0.79096,11.8762,5217
20111104T013718.566042,71,15,8.79451,8.25045,0.855859,0.751803,12.0883,5219
20111104T013718.566048,74,24,8.3703,8.25987,-0.312372,0.780488,11.7629,5231
20111104T013718.566049,1,25,8.73298,8.00994,-0.383862,0.740524,11.8555,5233
20111104T013718.566050,80,26,8.35262,8.45442,0.0801961,0.793167,11.884,5235
20111104T013718.566050,65,27,8.70947,8.21729,0.0145395,0.754631,11.9733,5237
20111104T013718.566055,1,1,8.78041,8.12177,1.2535,0.74475,12.0254,5247
20111104T013718.566063,86,12,8.34083,8.27736,0.488103,0.783309,11.7602,5267
20111104T013718.566064,1,13,8.73687,8.06287,0.428732,0.743589,11.8957,5269
20111104T013718.566064,85,14,8.33495,8.50567,0.904245,0.797243,11.9422,5271
20111104T013718.566065,71,15,8.68171,8.24799,0.848957,0.758086,12.0043,5273
20111104T013718.566072,69,24,8.36201,8.3562,-0.313292,0.786771,11.8249,5286
20111104T013718.566072,74,25,8.81748,8.18962,-0.387681,0.746807,12.0395,5288
20111104T013718.566073,82,26,8.34812,8.55691,0.0814803,0.79945,11.954,5290
20111104T013718.566074,56,27,8.61132,8.22772,0.013725,0.760914,11.9093,5292
20111104T013718.566086,89,12,8.35054,8.392,0.492785,0.789593,11.8482,5320
20111104T013718.566087,73,13,8.81323,8.23606,0.437018,0.749872,12.0697,5322
20111104T013718.566088,82,14,8.33528,8.61381,0.911047,0.803527,12.0202,5324
20111104T013718.566088,73,15,8.5808,8.25547,0.84337,0.764369,11.9363,5326
20111104T013718.566095,68,24,8.35424,8.45417,-0.314242,0.793054,11.8889,5339
20111104T013718.566095,18,56,8.32092,9.15833,2.12224,0.834914,12.5545,5340
20111104T013718.566096,102,25,8.73084,8.21204,-0.386685,0.753091,11.9915,5341
20111104T013718.566096,82,26,8.33158,8.64814,0.082471,0.805733,12.008,5343
20111104T013718.566097,149,27,8.32192,8.05263,0.00952535,0.767197,11.5793,5345
20111104T013718.566101,86,0,8.34117,8.45856,1.31099,0.794098,11.9508,5352
20111104T013718.566109,90,12,8.33817,8.48568,0.495871,0.795876,11.9062,5373
20111104T013718.566110,84,13,8.70172,8.23507,0.433113,0.756155,11.9877,5375
20111104T013718.566111,79,14,8.32771,8.71506,0.916978,0.80981,12.0882,5377
20111104T013718.566112,64,15,8.37002,8.1551,0.825129,0.770653,11.7143,5379
20111104T013718.566118,82,24,8.34697,8.5538,-0.315221,0.799337,11.9549,5393
20111104T013718.566118,8,56,8.32626,9.28093,2.13872,0.841197,12.6505,5394
20111104T013718.566119,79,25,8.61671,8.20754,-0.3849,0.759374,11.9055,5395
20111104T013718.566120,80,26,8.33074,8.75691,0.0839019,0.812016,12.086,5397
20111104T013718.566273,82,0,8.33763,8.56209,1.31971,0.800381,12.0228,5404
20111104T013718.566282,89,12,8.33744,8.59246,0.499915,0.802159,11.9822,5425
20111104T013718.566283,87,13,8.60213,8.24405,0.42997,0.762438,11.9217,5427
20111104T013718.566283,71,14,8.32875,8.82672,0.92413,0.816093,12.1702,5429
20111104T013718.566284,56,15,8.35131,8.23967,0.828908,0.776936,11.7603,5431
20111104T013718.566291,73,24,8.35262,8.6681,-0.316497,0.80562,12.0409,5444
20111104T013718.566291,1,56,8.30038,9.36999,2.14731,0.84748,12.7005,5445
20111104T013718.566291,63,25,8.441,8.14235,-0.38133,0.765657,11.7335,5446
20111104T013718.566292,80,26,8.32885,8.86601,0.0853329,0.818299,12.164,5448
20111104T013718.566293,37,27,8.34664,8.28171,0.0117906,0.779764,11.7573,5450
20111104T013718.566295,1,30,8.85583,8.14349,-0.0298678,0.745209,12.0301,5454
20111104T013718.566305,85,12,8.33018,8.69378,0.503533,0.808442,12.0502,5479
20111104T013718.566306,54,13,8.3721,8.12572,0.418162,0.768722,11.6737,5481
20111104T013718.566307,94,15,8.33892,8.33136,0.83351,0.783219,11.8163,5485
20111104T013718.566310,1,18,8.8534,8.20997,0.789589,0.749392,12.0992,5489
20111104T013718.566314,67,24,8.34753,8.77264,-0.317566,0.811904,12.1129,5499
20111104T013718.566314,1,56,8.30997,9.50067,2.16551,0.853764,12.8065,5500
20111104T013718.566315,81,25,8.36388,8.17012,-0.380583,0.77194,11.6975,5501
20111104T013718.566315,78,26,8.32185,8.97103,0.0866537,0.824583,12.236,5503
20111104T013718.566316,49,27,8.35096,8.39059,0.0128087,0.786047,11.8373,5505
20111104T013718.566318,1,30,8.82494,8.21808,-0.0296165,0.751492,12.0581,5509
20111104T013718.566329,99,12,8.3302,8.80407,0.50779,0.814725,12.1302,5535
20111104T013718.566329,68,13,8.3637,8.22009,0.421019,0.775005,11.7337,5537
20111104T013718.566331,52,15,8.34677,8.44444,0.840576,0.789502,11.9023,5541
20111104T013718.566333,155,18,8.78277,8.24765,0.787597,0.755675,12.0732,5546
20111104T013718.566337,69,24,8.33736,8.87309,-0.318545,0.818187,12.1789,5554
20111104T013718.566337,1,56,8.30153,9.61242,2.17924,0.860047,12.8865,5555
20111104T013718.566338,73,25,8.35653,8.26602,-0.38187,0.778223,11.7595,5556
20111104T013718.566339,76,26,8.3206,9.08369,0.0881581,0.830866,12.318,5558
20111104T013718.566339,75,27,8.35285,8.49842,0.0138013,0.79233,11.9153,5560
20111104T013718.566340,1,28,8.83295,8.09741,-0.434514,0.743678,11.9899,5562
20111104T013718.566342,1,30,8.77749,8.27749,-0.0295627,0.757776,12.0641,5565
20111104T013718.566344,33,1,8.35573,8.30917,1.23292,0.780878,11.8474,5570
20111104T013718.566352,91,12,8.33634,8.89431,0.511515,0.819438,12.2002,5590
20111104T013718.566353,73,13,8.36891,8.30296,0.423971,0.779717,11.7957,5592
20111104T013718.566354,58,15,8.35018,8.52776,0.84567,0.794215,11.9643,5596
20111104T013718.566355,1,16,8.75305,8.05837,0.373882,0.74581,11.9027,5598
20111104T013718.566356,70,18,8.70335,8.25047,0.783306,0.760388,12.0172,5601
20111104T013718.566361,58,24,8.35257,8.97385,-0.319791,0.822899,12.2629,5610
20111104T013718.566361,75,25,8.37276,8.36032,-0.383489,0.782936,11.8375,5612
20111104T013718.566363,46,27,8.35603,8.58204,0.0145904,0.797042,11.9773,5616
20111104T013718.566363,1,28,8.81228,8.15527,-0.435108,0.74839,12.0139,5618
20111104T013718.566365,24,30,8.64872,8.23312,-0.0306756,0.762488,11.9401,5621
20111104T013718.566367,47,1,8.35945,8.4178,1.24217,0.787161,11.9274,5626
20111104T013718.566369,1,4,8.88238,8.2419,1.22407,0.749692,12.178,5631
20111104T013718.566375,89,12,8.33175,9.0023,0.515558,0.825721,12.2762,5646
20111104T013718.566376,73,13,8.36599,8.40485,0.427304,0.786,11.8657,5648
20111104T013718.566377,99,15,8.33669,8.62154,0.850436,0.800498,12.0223,5652
20111104T013718.566378,65,16,8.80876,8.21286,0.380158,0.752093,12.0487,5654
20111104T013718.566379,123,18,8.5824,8.23859,0.775951,0.766671,11.9212,5657
20111104T013718.566384,89,24,8.35546,9.09104,-0.321097,0.829182,12.3509,5666
20111104T013718.566385,78,25,8.36514,8.45818,-0.384817,0.789219,11.9015,5667
20111104T013718.566386,50,27,8.35748,8.69194,0.0156084,0.803326,12.0573,5671
20111104T013718.566387,1,28,8.74921,8.19952,-0.434712,0.754673,11.9979,5673
20111104T013718.566388,31,30,8.5077,8.20109,-0.0317885,0.768771,11.8161,5676
20111104T013718.566390,56,1,8.35934,8.52396,1.25096,0.793445,12.0034,5681
20111104T013718.566399,77,13,8.3579,8.50276,0.430351,0.792284,11.9297,5703
20111104T013718.566401,44,15,8.35406,8.74859,0.858981,0.806781,12.1263,5707
20111104T013718.566401,81,16,8.72652,8.23919,0.378352,0.758376,12.0067,5709
20111104T013718.566403,67,18,8.39343,8.15868,0.76124,0.772954,11.7292,5712
20111104T013718.566408,62,25,8.35521,8.55484,-0.386104,0.795502,11.9635,5723
20111104T013718.566409,75,27,8.34961,8.79351,0.0164738,0.809609,12.1253,5727
20111104T013718.566410,1,28,8.65263,8.21159,-0.433178,0.760957,11.9359,5729
20111104T013718.566412,1,30,8.35885,8.15922,-0.0330091,0.775054,11.6801,5732
20111104T013718.566586,46,1,8.35823,8.63046,1.25975,0.799728,12.0794,5737
20111104T013718.566595,69,13,8.35449,8.60663,0.43378,0.798567,12.0017,5758
20111104T013718.566597,75,16,8.61691,8.23852,0.374914,0.764659,11.9267,5764
20111104T013718.566598,99,18,8.35335,8.22246,0.762466,0.779237,11.7452,5767
20111104T013718.566603,83,25,8.36109,8.66895,-0.387889,0.801785,12.0495,5777
20111104T013718.566603,25,57,8.32023,9.08717,2.04854,0.827777,12.4899,5778
20111104T013718.566605,43,27,8.3353,8.88949,0.0172374,0.815892,12.1853,5781
20111104T013718.566606,1,28,8.53754,8.20473,-0.431,0.76724,11.8479,5783
20111104T013718.566607,1,30,8.3557,8.25946,-0.0323988,0.781337,11.7481,5786
20111104T013718.566608,1,31,8.76788,8.07503,-0.110492,0.742579,11.9195,5788
20111104T013718.566618,67,13,8.36119,8.7223,0.43797,0.80485,12.0897,5813
20111104T013718.566619,42,14,8.32985,9.61526,0.975414,0.858504,12.7582,5815
20111104T013718.566620,56,16,8.41449,8.14631,0.365888,0.770943,11.7167,5819
20111104T013718.566622,91,18,8.35087,8.32414,0.767829,0.78552,11.8152,5822
20111104T013718.566622,1,19,8.87775,8.22918,0.716823,0.745824,12.1255,5824
20111104T013718.566627,77,25,8.35619,8.77336,-0.389383,0.808068,12.1215,5833
20111104T013718.566627,42,57,8.32391,9.20645,2.06387,0.834061,12.5819,5834
20111104T013718.566628,32,27,8.34053,9.00762,0.0183827,0.822175,12.2753,5837
20111104T013718.566629,1,28,8.34707,8.12271,-0.426199,0.773523,11.6539,5839
20111104T013718.566630,1,30,8.36008,8.36849,-0.0316808,0.787621,11.8281,5842
20111104T013718.566631,71,31,8.81073,8.2171,-0.110198,0.748862,12.0475,5844
20111104T013718.566632,47,0,8.32974,9.40372,1.39434,0.847505,12.6388,5846
20111104T013718.566641,73,13,8.36271,8.80644,0.440922,0.809562,12.1517,5869
20111104T013718.566643,67,16,8.37458,8.18447,0.365802,0.775655,11.7147,5875
20111104T013718.566645,89,18,8.36627,8.41866,0.773805,0.790233,11.8932,5878
20111104T013718.566646,114,19,8.79656,8.23147,0.712737,0.750536,12.0675,5880
20111104T013718.566650,70,25,8.35325,8.8533,-0.390545,0.812781,12.1775,5888
20111104T013718.566650,25,57,8.31866,9.28811,2.07354,0.838773,12.6399,5889
20111104T013718.566651,45,27,8.33591,9.08803,0.0190954,0.826888,12.3313,5892
20111104T013718.566652,1,28,8.35141,8.20406,-0.427684,0.778235,11.7139,5894
20111104T013718.566653,1,29,8.81482,8.06627,-0.510925,0.739382,11.9586,5896
20111104T013718.566654,1,30,8.36689,8.45479,-0.0310884,0.792333,11.8941,5898
20111104T013718.566654,89,31,8.7267,8.21611,-0.11034,0.753575,11.9855,5900
20111104T013718.566655,71,0,8.31876,9.51124,1.40331,0.853788,12.7128,5902
20111104T013718.566658,50,4,8.37521,8.24902,1.18339,0.779537,11.814,5909
20111104T013718.566659,1,5,8.86224,8.12256,1.13104,0.740184,12.0737,5911
20111104T013718.566659,59,6,8.3676,8.48343,1.60082,0.793978,12.022,5913
20111104T013718.566665,76,13,8.3606,8.91555,0.444636,0.815845,12.2297,5925
20111104T013718.566667,66,16,8.36269,8.27635,0.368209,0.781938,11.7707,5931
20111104T013718.566667,1,17,8.88379,8.18179,0.304156,0.742602,12.0804,5933
20111104T013718.566668,100,18,8.36062,8.51953,0.779015,0.796516,11.9612,5935
20111104T013718.566669,73,19,8.6852,8.23041,0.706959,0.756819,11.9855,5937
20111104T013718.566673,51,57,8.32558,9.41395,2.0902,0.845056,12.7399,5947
20111104T013718.566675,1,28,8.35206,8.30864,-0.429515,0.784519,11.7879,5951
20111104T013718.566676,67,29,8.82271,8.17575,-0.513422,0.745665,12.0386,5953
20111104T013718.566677,1,30,8.35965,8.55447,-0.0304961,0.798616,11.9601,5955
20111104T013718.566678,81,31,8.61256,8.21154,-0.110538,0.759858,11.8995,5957
20111104T013718.566678,57,0,8.31712,9.63102,1.41421,0.860072,12.8028,5959
20111104T013718.566681,81,4,8.35553,8.33381,1.18853,0.785821,11.86,5965
20111104T013718.566688,70,13,8.36697,9.03523,0.449017,0.822129,12.3217,5983
20111104T013718.566690,67,16,8.36406,8.38257,0.371475,0.788221,11.8467,5989
20111104T013718.566691,106,17,8.78537,8.1939,0.301815,0.748885,12.0164,5991
20111104T013718.566691,91,18,8.34294,8.60919,0.783,0.802799,12.0132,5993
20111104T013718.566692,93,19,8.57564,8.22966,0.701323,0.763102,11.9055,5995
20111104T013718.566697,46,57,8.30655,9.51206,2.10054,0.851339,12.8019,6004
20111104T013718.566699,1,28,8.34609,8.40786,-0.431149,0.790802,11.8539,6009
20111104T013718.566700,92,29,8.75219,8.21327,-0.51261,0.751949,12.0126,6011
20111104T013718.566700,1,30,8.3598,8.66304,-0.029796,0.804899,12.0381,6013
20111104T013718.566701,54,31,8.41235,8.12266,-0.11101,0.766141,11.6935,6015
20111104T013718.566705,83,4,8.35325,8.43708,1.19657,0.792104,11.932,6022
20111104T013718.566713,66,16,8.36162,8.48629,0.37457,0.794504,11.9187,6044
20111104T013718.566714,89,17,8.69441,8.21195,0.29984,0.755168,11.9624,6046
20111104T013718.566715,88,18,8.34649,8.72205,0.789436,0.809082,12.0972,6048
20111104T013718.566716,66,19,8.36326,8.12794,0.685541,0.769386,11.6815,6050
20111104T013718.566720,27,57,8.315,9.64311,2.1182,0.857623,12.9079,6059
20111104T013718.566722,1,28,8.34339,8.51162,-0.43293,0.797085,11.9259,6063
20111104T013718.566723,74,29,8.63219,8.20349,-0.509677,0.758232,11.9186,6065
20111104T013718.566724,1,30,8.3479,8.76035,-0.0292395,0.811183,12.1001,6067
20111104T013718.566724,71,31,8.34826,8.16279,-0.111052,0.772424,11.6755,6069
20111104T013718.566852,80,4,8.35694,8.54776,1.20574,0.798387,12.014,6077
20111104T013718.566861,64,16,8.34987,8.58169,0.377149,0.800788,11.9787,6098
20111104T013718.566862,88,17,8.58044,8.20712,0.296694,0.761451,11.8764,6100
20111104T013718.566862,101,18,8.33801,8.82368,0.794646,0.815366,12.1652,6102
20111104T013718.566863,91,19,8.35048,8.21804,0.689345,0.775669,11.7355,6104
20111104T013718.566870,1,28,8.34389,8.61999,-0.434861,0.803368,12.0039,6114
20111104T013718.566870,68,29,8.4968,8.17731,-0.506058,0.764515,11.8026,6116
20111104T013718.566871,1,30,8.35699,8.88119,-0.0283959,0.817466,12.1941,6118
20111104T013718.566872,70,31,8.3509,8.26847,-0.110877,0.778707,11.7515,6120
20111104T013718.566873,40,1,8.34724,9.38318,1.32311,0.842139,12.6274,6124
20111104T013718.566874,1,2,8.85592,8.09415,-0.177739,0.742182,11.9981,6126
20111104T013718.566875,83,4,8.34855,8.64736,1.21311,0.80467,12.08,6129
20111104T013718.566876,53,5,8.55349,8.24488,1.11612,0.765317,11.9317,6131
20111104T013718.566883,58,15,8.33403,9.62334,0.911238,0.855476,12.7623,6147
20111104T013718.566884,101,16,8.35106,8.69171,0.380587,0.807071,12.0587,6149
20111104T013718.566885,59,17,8.38059,8.1179,0.289158,0.767734,11.6704,6151
20111104T013718.566886,79,19,8.35247,8.32376,0.6947,0.781952,11.8115,6155
20111104T013718.566889,1,22,8.74186,8.07416,0.638735,0.747422,11.9164,6159
20111104T013718.566893,1,28,8.34335,8.72871,-0.436791,0.809651,12.0819,6167
20111104T013718.566894,69,29,8.37499,8.16229,-0.503,0.770798,11.7046,6169
20111104T013718.566894,1,30,8.34859,8.98488,-0.0277676,0.823749,12.2641,6171
20111104T013718.566895,70,31,8.35962,8.38156,-0.11068,0.78499,11.8375,6173
20111104T013718.566897,52,1,8.35162,9.47748,1.33167,0.846852,12.7014,6176
20111104T013718.566897,134,2,8.76337,8.08552,-0.177493,0.746894,11.9241,6178
20111104T013718.566899,74,5,8.36604,8.14109,1.09428,0.770029,11.7237,6183
20111104T013718.566901,48,7,8.35843,8.36653,1.52797,0.784163,11.9238,6187
20111104T013718.566907,37,16,8.36364,8.78751,0.38394,0.811783,12.1367,6202
20111104T013718.566908,93,17,8.35369,8.16846,0.289743,0.772447,11.6864,6204
20111104T013718.566910,79,19,8.3526,8.40258,0.698646,0.786664,11.8675,6208
20111104T013718.566912,108,22,8.81302,8.21753,0.648507,0.752134,12.0664,6211
20111104T013718.566916,1,28,8.35152,8.82028,-0.438573,0.814364,12.1539,6219
20111104T013718.566917,67,29,8.38068,8.24505,-0.504934,0.77551,11.7666,6221
20111104T013718.566918,1,30,8.35888,9.0816,-0.0270676,0.828461,12.3421,6223
20111104T013718.566918,71,31,8.37495,8.47625,-0.110501,0.789703,11.9155,6225
20111104T013718.566920,79,1,8.352,9.59861,1.3423,0.853135,12.7934,6229
20111104T013718.566921,76,2,8.78973,8.21293,-0.177846,0.753178,12.0301,6231
20111104T013718.566923,61,5,8.37575,8.25342,1.10331,0.776313,11.8097,6236
20111104T013718.566924,74,7,8.34053,8.45407,1.53495,0.790446,11.9738,6240
20111104T013718.566931,93,16,8.35744,8.89238,0.387035,0.818066,12.2087,6255
20111104T013718.566931,86,17,8.3463,8.2643,0.292011,0.77873,11.7484,6257
20111104T013718.566933,80,19,8.34025,8.49611,0.702732,0.792948,11.9255,6261
20111104T013718.566934,1,20,8.86766,8.12983,0.244273,0.743708,12.032,6263
20111104T013718.566935,94,22,8.72065,8.23431,0.644859,0.758417,12.0104,6265
20111104T013718.566940,73,29,8.36985,8.33839,-0.506744,0.781794,11.8246,6274
20111104T013718.566941,1,30,8.34462,9.18137,-0.0264931,0.834745,12.4061,6276
20111104T013718.566942,73,31,8.3621,8.57015,-0.110368,0.795986,11.9735,6278
20111104T013718.566944,80,2,8.66398,8.19776,-0.177507,0.759461,11.9281,6284
20111104T013718.566946,29,5,8.35757,8.33954,1.10835,0.782596,11.8577,6289
20111104T013718.566954,54,16,8.34889,8.99606,0.390043,0.82435,12.2787,6309
20111104T013718.566955,84,17,8.34087,8.3632,0.294426,0.785013,11.8144,6311
20111104T013718.566956,83,19,8.34791,8.61127,0.708932,0.799231,12.0135,6315
20111104T013718.566957,35,20,8.81348,8.18266,0.244146,0.749991,12.028,6317
20111104T013718.566958,98,22,8.61113,8.23367,0.639647,0.764701,11.9304,6319
20111104T013718.566964,74,29,8.36804,8.44184,-0.508991,0.788077,11.8966,6328
20111104T013718.566965,69,31,8.35813,8.67428,-0.110203,0.802269,12.0455,6332
20111104T013718.566967,87,2,8.5604,8.20214,-0.177267,0.765744,11.8561,6337
20111104T013718.566969,1,5,8.34705,8.43423,1.11465,0.788879,11.9177,6342
20111104T013718.566970,43,6,8.33852,9.32234,1.68723,0.842673,12.62,6344
20111104T013718.566977,45,16,8.35015,9.11178,0.39374,0.830633,12.3647,6361
20111104T013718.566978,87,17,8.34576,8.47373,0.297425,0.791296,11.8964,6363
20111104T013718.566980,82,19,8.34062,8.71247,0.713723,0.805514,12.0815,6367
20111104T013718.566980,57,20,8.76335,8.23925,0.24421,0.756274,12.03,6369
20111104T013718.566982,66,22,8.41323,8.14576,0.626358,0.770984,11.7264,6372
20111104T013718.566986,39,60,8.29864,9.21425,1.97296,0.839273,12.5563,6380
20111104T013718.566988,71,31,8.3518,8.77726,-0.110042,0.808552,12.1155,6385
20111104T013718.567139,73,2,8.36396,8.11485,-0.176595,0.772027,11.6541,6391
20111104T013718.567141,57,5,8.34124,8.53479,1.1218,0.795162,11.9857,6396
20111104T013718.567142,51,6,8.32686,9.42803,1.69764,0.848956,12.692,6398
20111104T013718.567150,87,17,8.33284,8.56748,0.299547,0.79758,11.9544,6416
20111104T013718.567151,80,19,8.33103,8.81247,0.718373,0.811797,12.1475,6420
20111104T013718.567152,102,20,8.64347,8.22925,0.241225,0.762557,11.936,6422
20111104T013718.567153,89,22,8.35335,8.19006,0.625576,0.777267,11.7144,6425
20111104T013718.567158,51,60,8.30082,9.33418,1.98765,0.845556,12.6483,6433
20111104T013718.567158,80,29,8.35873,8.64677,-0.513359,0.800643,12.0366,6434
20111104T013718.567160,70,31,8.34588,8.88195,-0.109877,0.814836,12.1875,6438
20111104T013718.567162,77,2,8.36123,8.21498,-0.176822,0.77831,11.7221,6444
20111104T013718.567163,1,3,8.79783,8.04262,-0.232755,0.738877,11.9214,6446
20111104T013718.567164,71,5,8.34695,8.64847,1.13083,0.801445,12.0717,6450
20111104T013718.567165,57,6,8.32978,9.55185,1.71151,0.855239,12.788,6452
20111104T013718.567166,42,8,8.56293,8.22713,1.05699,0.767113,11.9209,6456
20111104T013718.567173,89,17,8.33293,8.67579,0.3024,0.803863,12.0324,6471
20111104T013718.567175,45,20,8.52982,8.22363,0.238494,0.76884,11.85,6477
20111104T013718.567177,95,22,8.36393,8.30436,0.631309,0.78355,11.8024,6480
20111104T013718.567177,1,23,8.8605,8.19077,0.58079,0.744456,12.0795,6482
20111104T013718.567181,65,60,8.31613,9.47083,2.00587,0.851839,12.7623,6488
20111104T013718.567183,68,31,8.34442,8.99276,-0.109693,0.821119,12.2675,6493
20111104T013718.567185,85,2,8.36182,8.31964,-0.177068,0.784594,11.7961,6499
20111104T013718.567186,90,3,8.80739,8.15334,-0.233408,0.74516,12.0034,6501
20111104T013718.567188,40,6,8.31213,9.65356,1.72105,0.861522,12.854,6507
20111104T013718.567190,110,8,8.3701,8.14314,1.03716,0.773397,11.7229,6511
20111104T013718.567196,85,17,8.32786,8.7801,0.305034,0.810146,12.1044,6524
20111104T013718.567198,47,20,8.35375,8.15535,0.232969,0.775124,11.676,6530
20111104T013718.567200,77,22,8.35092,8.39644,0.634957,0.789833,11.8584,6533
20111104T013718.567201,122,23,8.78551,8.22449,0.578887,0.750739,12.0475,6535
20111104T013718.567204,68,60,8.30035,9.57368,2.01673,0.858123,12.8303,6541
20111104T013718.567206,68,31,8.33648,9.09802,-0.109528,0.827402,12.3395,6546
20111104T013718.567209,81,2,8.37323,8.41006,-0.177307,0.789306,11.8681,6552
20111104T013718.567209,99,3,8.76009,8.18657,-0.233312,0.749873,11.9914,6554
20111104T013718.567210,73,4,8.33904,9.49613,1.28263,0.851794,12.702,6556
20111104T013718.567213,77,8,8.3614,8.21183,1.04137,0.778109,11.7649,6564
20111104T013718.567214,75,10,8.37604,8.46317,1.47217,0.79228,11.9971,6567
20111104T013718.567219,74,17,8.33438,8.87015,0.307595,0.814858,12.1744,6577
20111104T013718.567222,52,20,8.37208,8.25085,0.235509,0.779836,11.756,6583
20111104T013718.567222,1,21,8.90434,8.18062,0.164278,0.741381,12.092,6585
20111104T013718.567223,95,22,8.35321,8.47842,0.638865,0.794546,11.9184,6587
20111104T013718.567224,92,23,8.69433,8.21653,0.574605,0.755451,11.9755,6589
20111104T013718.567227,49,60,8.30264,9.66819,2.02855,0.862835,12.9043,6595
20111104T013718.567232,80,2,8.36502,8.50822,-0.17752,0.795589,11.9321,6605
20111104T013718.567233,84,3,8.64155,8.17833,-0.23258,0.756156,11.8994,6607
20111104T013718.567233,81,4,8.33119,9.60849,1.29157,0.858077,12.782,6609
20111104T013718.567235,35,7,8.31567,9.17519,1.60642,0.832857,12.4858,6615
20111104T013718.567236,82,8,8.3533,8.30778,1.04758,0.784392,11.8269,6617
20111104T013718.567238,68,10,8.36833,8.56248,1.48102,0.798563,12.0631,6621
20111104T013718.567243,95,17,8.34521,8.99402,0.31118,0.821141,12.2724,6632
20111104T013718.567245,80,20,8.36103,8.34431,0.237351,0.786119,11.814,6638
20111104T013718.567246,106,21,8.80146,8.18883,0.162529,0.747665,12.022,6640
20111104T013718.567246,81,22,8.35118,8.58375,0.643686,0.800829,11.9924,6642
20111104T013718.567247,93,23,8.59341,8.22414,0.570561,0.761734,11.9075,6644
20111104T013718.567255,80,2,8.36424,8.61522,-0.177773,0.801872,12.0081,6658
20111104T013718.567256,75,3,8.53359,8.17859,-0.231959,0.762439,11.8214,6660
20111104T013718.567259,71,7,8.32005,9.29652,1.61954,0.83914,12.5798,6667
20111104T013718.567260,78,8,8.34713,8.40678,1.05419,0.790675,11.8929,6669
20111104T013718.567268,43,20,8.3744,8.46358,0.240336,0.792402,11.908,6689
20111104T013718.567269,100,21,8.71631,8.21249,0.16138,0.753948,11.976,6691
20111104T013718.567270,92,22,8.35091,8.69227,0.648767,0.807112,12.0704,6693
20111104T013718.567270,63,23,8.38504,8.12679,0.557596,0.768018,11.6895,6695
20111104T013718.567441,80,2,8.36245,8.72256,-0.178025,0.808156,12.0841,6710
20111104T013718.567441,74,3,8.35553,8.1097,-0.230557,0.768722,11.6454,6712
20111104T013718.567444,77,7,8.31665,9.41085,1.63126,0.845424,12.6638,6720
20111104T013718.567445,97,8,8.34699,8.51314,1.0618,0.796959,11.9689,6722
20111104T013718.567454,54,20,8.36429,8.56043,0.242305,0.798686,11.97,6741
20111104T013718.567454,89,21,8.61237,8.2175,0.159582,0.760231,11.904,6743
20111104T013718.567455,78,22,8.34823,8.79968,0.653718,0.813395,12.1464,6745
20111104T013718.567456,84,23,8.34095,8.1863,0.558191,0.774301,11.6995,6747
20111104T013718.567464,79,2,8.36101,8.83166,-0.178285,0.814439,12.1621,6761
20111104T013718.567465,80,3,8.36013,8.21661,-0.231178,0.775005,11.7234,6763
20111104T013718.567468,79,7,8.30954,9.52252,1.64243,0.851707,12.7438,6771
20111104T013718.567468,78,8,8.34032,8.61411,1.06861,0.803242,12.0369,6773
20111104T013718.567469,54,9,8.55221,8.21883,0.96434,0.763808,11.8996,6775
20111104T013718.567477,45,20,8.35468,8.65892,0.244337,0.804969,12.034,6792
20111104T013718.567478,69,21,8.39783,8.11474,0.153936,0.766514,11.678,6794
20111104T013718.567479,93,22,8.33636,8.89864,0.657888,0.819678,12.2104,6796
20111104T013718.567479,86,23,8.33474,8.2835,0.561997,0.780584,11.7635,6798
20111104T013718.567487,77,2,8.35853,8.94109,-0.178544,0.820722,12.2401,6811
20111104T013718.567488,80,3,8.35804,8.31827,-0.231736,0.781288,11.7934,6813
20111104T013718.567491,65,7,8.31041,9.64496,1.65555,0.85799,12.8378,6820
20111104T013718.567492,71,8,8.33407,8.71676,1.07563,0.809525,12.1069,6822
20111104T013718.567492,60,9,8.35173,8.12821,0.945085,0.770091,11.6916,6824
20111104T013718.567494,38,11,8.33196,8.34655,1.37336,0.784548,11.8724,6828
20111104T013718.567500,33,20,8.34691,8.76053,0.246496,0.811252,12.102,6840
20111104T013718.567501,95,21,8.34524,8.16594,0.153886,0.772797,11.676,6842
20111104T013718.567503,82,23,8.32905,8.38236,0.565922,0.786867,11.8295,6846
20111104T013718.567507,53,61,8.28935,9.22352,1.85993,0.837049,12.5397,6853
20111104T013718.567511,85,2,8.37056,9.03916,-0.17881,0.825434,12.3201,6859
20111104T013718.567511,82,3,8.37246,8.41133,-0.232341,0.786001,11.8694,6861
20111104T013718.567513,46,5,8.29317,9.44396,1.18881,0.848569,12.6237,6864
20111104T013718.567516,55,9,8.35175,8.20509,0.950084,0.774803,11.7456,6872
20111104T013718.567517,59,11,8.35541,8.44908,1.38481,0.789261,11.9624,6876
20111104T013718.567524,42,20,8.37402,8.87257,0.249671,0.815964,12.202,6887
20111104T013718.567524,79,21,8.35512,8.25287,0.155584,0.77751,11.744,6889
20111104T013718.567526,85,23,8.33575,8.46839,0.569847,0.791579,11.8955,6893
20111104T013718.567530,59,61,8.30506,9.32883,1.87352,0.841762,12.6297,6900
20111104T013718.567534,33,2,8.36075,9.14331,-0.179043,0.831717,12.3901,6907
20111104T013718.567535,83,3,8.3686,8.51361,-0.232898,0.792284,11.9394,6909
20111104T013718.567536,43,5,8.33549,9.61292,1.20519,0.854852,12.7797,6912
20111104T013718.567539,67,9,8.35095,8.30788,0.956749,0.781086,11.8176,6920
20111104T013718.567540,58,11,8.34242,8.54251,1.39218,0.795544,12.0204,6924
20111104T013718.567547,43,20,8.3494,8.9587,0.251132,0.822248,12.248,6938
20111104T013718.567548,93,21,8.35266,8.3546,0.157333,0.783793,11.814,6940
20111104T013718.567549,89,23,8.33396,8.57348,0.574248,0.797863,11.9695,6944
20111104T013718.567554,71,61,8.30121,9.44311,1.8862,0.848045,12.7137,6950
20111104T013718.567558,83,3,8.36796,8.62046,-0.233503,0.798567,12.0154,6958
20111104T013718.567562,48,9,8.35339,8.41521,0.96397,0.787369,11.8956,6968
20111104T013718.567563,45,10,8.34663,9.29955,1.55182,0.840975,12.5911,6970
20111104T013718.567570,52,20,8.34834,9.07138,0.253735,0.828531,12.33,6984
20111104T013718.567571,81,21,8.34925,8.45663,0.159082,0.790076,11.884,6986
20111104T013718.567572,91,23,8.33256,8.68031,0.578768,0.804146,12.0455,6990
20111104T013718.567577,48,61,8.30404,9.56665,1.90069,0.854328,12.8097,6996
20111104T013718.567715,81,3,8.36077,8.72188,-0.234045,0.80485,12.0834,7004
20111104T013718.567720,97,9,8.34225,8.51012,0.969524,0.793653,11.9556,7015
20111104T013718.567720,68,10,8.34708,9.41865,1.56389,0.847258,12.6811,7017
20111104T013718.567728,95,21,8.35048,8.56466,0.16103,0.796359,11.962,7033
20111104T013718.567730,82,23,8.33977,8.79759,0.584121,0.810429,12.1355,7036
20111104T013718.567739,79,3,8.35677,8.82789,-0.234634,0.811134,12.1574,7050
20111104T013718.567743,48,9,8.33024,8.60522,0.975079,0.799936,12.0156,7062
20111104T013718.567744,73,10,8.33594,9.52618,1.57382,0.853541,12.7551,7064
20111104T013718.567752,79,21,8.33262,8.65435,0.16233,0.802642,12.014,7081
20111104T013718.567753,81,23,8.32397,8.89202,0.58757,0.816712,12.1935,7085
20111104T013718.567762,74,3,8.36578,8.92107,-0.235223,0.815846,12.2314,7100
20111104T013718.567766,93,9,8.34759,8.70465,0.982855,0.804648,12.0996,7110
20111104T013718.567767,73,10,8.35444,9.63884,1.58696,0.858254,12.8531,7112
20111104T013718.567775,94,21,8.34843,8.75274,0.164378,0.807355,12.096,7128
20111104T013718.567798,78,21,8.3482,8.86315,0.166377,0.813638,12.176,7175
20111104T013718.567812,57,8,8.32477,9.57334,1.13874,0.856649,12.7369,7201
20111104T013718.567822,90,21,8.34282,8.96951,0.168225,0.819921,12.25,7221
20111104T013718.567838,57,11,8.3337,9.28959,1.46138,0.837956,12.5644,7253
20111104T013718.567845,66,21,8.33643,9.07615,0.170074,0.826204,12.324,7267
20111104T013718.568009,103,11,8.31997,9.39218,1.47003,0.844239,12.6324,7299
20111104T013718.568033,48,11,8.3079,9.49795,1.47918,0.850522,12.7044,7345
20111104T013718.568056,56,11,8.33203,9.61635,1.49267,0.855234,12.8104,7389
20111104T013718.568101,1,9,8.32641,9.57331,1.04118,0.853343,12.7296,7473
