20111104T013218.268561,1,14,0.839319,-17.3376,1.38132,4.76193,17.4122,43938
20111104T013218.268570,95,26,0.868872,-17.1677,0.177537,4.76414,17.19,43958
20111104T013218.268574,74,0,0.75882,-19.4127,2.2322,4.7525,19.5548,43967
20111104T013218.268584,167,14,0.943456,-17.2464,1.37382,4.76822,17.3262,43993
20111104T013218.268593,181,26,0.984957,-17.3037,0.180142,4.77042,17.332,44012
20111104T013218.268597,102,0,0.849838,-18.7412,2.15079,4.75879,18.8828,44020
20111104T013218.268616,137,26,1.0979,-17.363,0.181353,4.77671,17.398,44063
20111104T013218.268621,199,0,0.897428,-17.4052,1.98821,4.76507,17.5408,44071
20111104T013218.268629,1,12,0.930897,-17.45,0.793098,4.76685,17.4922,44092
20111104T013218.268640,137,26,1.20824,-17.3737,0.181683,4.78299,17.416,44115
20111104T013218.268814,54,0,1.00478,-17.3655,1.98409,4.77135,17.5068,44125
20111104T013218.268823,181,12,1.03046,-17.2783,0.784265,4.77313,17.3262,44147
20111104T013218.268824,47,14,1.23328,-16.7567,1.33266,4.78707,16.8542,44151
20111104T013218.268833,139,26,1.31892,-17.3857,0.18205,4.78927,17.436,44171
20111104T013218.268837,103,0,1.08799,-17.3824,1.98676,4.77607,17.5288,44181
20111104T013218.268846,161,12,1.11957,-17.3909,0.790544,4.77784,17.4442,44200
20111104T013218.268856,56,26,1.37524,-17.0664,0.17629,4.79398,17.122,44221
20111104T013218.268861,73,0,1.19844,-17.393,1.98894,4.78235,17.5468,44231
20111104T013218.268862,71,1,0.673983,-19.6929,2.15491,4.74557,19.8214,44233
20111104T013218.268870,148,12,1.23054,-17.4074,0.791821,4.78413,17.4682,44250
20111104T013218.268871,149,14,1.43535,-16.9505,1.35097,4.79806,17.0642,44253
20111104T013218.268872,1,15,0.829423,-17.3808,1.29627,4.7589,17.4483,44255
20111104T013218.268880,69,26,1.47402,-16.9618,0.174529,4.80027,17.026,44272
20111104T013218.268880,1,27,0.876747,-17.3415,0.0831334,4.76173,17.3633,44274
20111104T013218.268884,72,0,1.24312,-16.5399,1.88548,4.78863,16.6928,44282
20111104T013218.268893,42,12,1.30159,-16.9095,0.765642,4.79041,16.9762,44304
20111104T013218.268894,70,14,1.44449,-15.8857,1.25817,4.80434,16.0002,44307
20111104T013218.268895,1,15,0.940822,-17.4171,1.29972,4.76519,17.4903,44309
20111104T013218.268903,85,26,1.5815,-16.9621,0.174712,4.80655,17.036,44327
20111104T013218.268904,176,27,0.981353,-17.2578,0.0821408,4.76802,17.2853,44329
20111104T013218.268907,77,0,1.31527,-16.1479,1.83847,4.79492,16.3048,44335
20111104T013218.268908,1,1,0.821462,-17.4999,1.90054,4.75813,17.6214,44337
20111104T013218.268916,73,12,1.37973,-16.5687,0.74787,4.79669,16.6422,44354
20111104T013218.268918,40,14,1.62264,-16.6714,1.32812,4.81063,16.8022,44357
20111104T013218.268918,68,15,1.04835,-17.379,1.29709,4.77147,17.4583,44359
20111104T013218.268926,67,26,1.69025,-16.9738,0.175116,4.81283,17.058,44374
20111104T013218.268927,120,27,1.0962,-17.3551,0.0834643,4.7743,17.3893,44376
20111104T013218.268931,137,0,1.38783,-15.8151,1.79873,4.8012,15.9768,44385
20111104T013218.268931,1,1,0.930367,-17.4746,1.89822,4.76442,17.6014,44387
20111104T013218.268939,63,12,1.45797,-16.2752,0.732652,4.80298,16.3562,44406
20111104T013218.268940,1,13,0.907592,-17.4268,0.693857,4.76326,17.4637,44408
20111104T013218.268942,31,15,1.07629,-16.1309,1.19454,4.77775,16.2103,44411
20111104T013218.268950,93,26,1.80092,-17.0006,0.175813,4.81912,17.096,44429
20111104T013218.268950,116,27,1.20659,-17.3678,0.0837188,4.78058,17.4093,44431
20111104T013218.269104,153,0,1.47907,-15.721,1.78832,4.80748,15.8908,44440
20111104T013218.269105,88,1,1.03517,-17.3831,1.88828,4.7707,17.5154,44442
20111104T013218.269113,143,12,1.55614,-16.224,0.730417,4.80926,16.3142,44460
20111104T013218.269114,175,13,1.01045,-17.3051,0.688333,4.76954,17.3477,44462
20111104T013218.269114,1,14,1.77869,-16.1705,1.28591,4.82319,16.3182,44464
20111104T013218.269115,99,15,1.23869,-16.9748,1.26488,4.78404,17.0663,44466
20111104T013218.269123,73,26,1.91131,-17.0207,0.1764,4.8254,17.128,44484
20111104T013218.269124,119,27,1.31822,-17.3938,0.0841515,4.78687,17.4433,44486
20111104T013218.269127,120,0,1.55333,-15.7159,1.78856,4.8122,15.8928,44495
20111104T013218.269128,79,1,1.11832,-17.3979,1.89059,4.77541,17.5354,44497
20111104T013218.269132,1,6,0.74789,-19.1978,2.66639,4.75239,19.396,44506
20111104T013218.269136,102,12,1.63298,-16.2205,0.73063,4.81397,16.3182,44518
20111104T013218.269137,121,13,1.09853,-17.4058,0.693381,4.77425,17.4537,44520
20111104T013218.269138,1,14,1.92629,-16.7775,1.34016,4.82791,16.9402,44522
20111104T013218.269138,44,15,1.32429,-17.0423,1.27096,4.78875,17.1403,44524
20111104T013218.269146,79,26,1.99243,-17.0195,0.176547,4.83011,17.136,44540
20111104T013218.269147,42,27,1.37723,-17.0983,0.0804609,4.79158,17.1533,44542
20111104T013218.269151,115,0,1.65226,-15.7078,1.7888,4.81848,15.8948,44552
20111104T013218.269152,43,1,1.19005,-16.8494,1.82746,4.7817,16.9894,44554
20111104T013218.269155,1,6,0.867124,-19.1631,2.66205,4.75867,19.366,44562
20111104T013218.269160,106,12,1.73573,-16.2178,0.731056,4.82026,16.3262,44574
20111104T013218.269160,119,13,1.20883,-17.4125,0.694047,4.78054,17.4677,44576
20111104T013218.269161,1,14,2.06773,-17.0597,1.36615,4.83419,17.2382,44578
20111104T013218.269162,169,15,1.41341,-16.8171,1.25305,4.79503,16.9223,44580
20111104T013218.269170,78,26,2.10428,-17.0463,0.17728,4.8364,17.176,44597
20111104T013218.269170,67,27,1.47558,-16.9837,0.0791119,4.79786,17.0473,44599
20111104T013218.269173,1,30,0.860921,-17.2932,0.0175569,4.76331,17.3141,44603
20111104T013218.269174,119,0,1.7547,-15.7306,1.79292,4.82476,15.9288,44607
20111104T013218.269175,66,1,1.26424,-16.4237,1.77867,4.78798,16.5674,44609
20111104T013218.269178,1,6,0.99167,-19.2363,2.67361,4.76495,19.446,44617
20111104T013218.269183,115,12,1.84055,-16.2324,0.732439,4.82654,16.3522,44628
20111104T013218.269184,121,13,1.32088,-17.4405,0.695762,4.78682,17.5037,44630
20111104T013218.269184,54,14,2.17946,-17.0819,1.36929,4.84047,17.2742,44632
20111104T013218.269185,73,15,1.44258,-15.9502,1.18206,4.80132,16.0583,44634
20111104T013218.269187,1,18,0.94149,-17.4389,1.20379,4.76749,17.5052,44639
20111104T013218.269193,171,26,2.19757,-16.9277,0.175336,4.84268,17.07,44653
20111104T013218.269194,102,27,1.5819,-16.9701,0.079061,4.80414,17.0433,44655
20111104T013218.269196,62,30,0.969903,-17.2935,0.0176108,4.76959,17.3201,44659
20111104T013218.269197,116,0,1.85538,-15.7351,1.79486,4.83104,15.9448,44663
20111104T013218.269198,45,1,1.33882,-16.0669,1.73797,4.79426,16.2154,44665
20111104T013218.269202,1,6,1.11112,-19.206,2.67014,4.77123,19.422,44673
20111104T013218.269206,88,12,1.9461,-16.2503,0.734036,4.83282,16.3822,44683
20111104T013218.269207,119,13,1.43237,-17.4557,0.696904,4.7931,17.5277,44685
20111104T013218.269208,60,14,2.29022,-17.0936,1.37155,4.84676,17.3002,44687
20111104T013218.269210,183,18,1.04407,-17.3192,1.19506,4.77377,17.3912,44692
20111104T013218.269216,126,26,2.32376,-17.0581,0.178014,4.84896,17.216,44705
20111104T013218.269217,55,27,1.693,-17.0056,0.0796464,4.81043,17.0893,44707
20111104T013218.269219,93,30,1.08121,-17.329,0.0179878,4.77587,17.3621,44712
20111104T013218.269221,119,0,1.95694,-15.7448,1.79752,4.83733,15.9668,44716
20111104T013218.269221,49,1,1.42103,-15.8465,1.71323,4.80055,16.0014,44718
20111104T013218.269224,1,4,0.8655,-17.4619,1.82759,4.76308,17.578,44723
20111104T013218.269225,1,6,1.23628,-19.2677,2.68026,4.77752,19.492,44727
20111104T013218.269229,116,12,2.05019,-16.2536,0.734887,4.83911,16.3982,44737
20111104T013218.269230,111,13,1.54341,-17.4623,0.697666,4.79939,17.5437,44739
20111104T013218.269231,48,14,2.40344,-17.1203,1.37522,4.85304,17.3422,44741
20111104T013218.269232,57,15,1.72812,-16.7676,1.2514,4.81388,16.9023,44743
20111104T013218.269232,1,16,0.897193,-17.2673,0.605899,4.76548,17.3007,44745
20111104T013218.269240,119,26,2.43459,-17.0689,0.178491,4.85525,17.242,44762
20111104T013218.269240,65,27,1.80356,-17.0304,0.0801046,4.81671,17.1253,44764
20111104T013218.269243,74,30,1.19034,-17.3258,0.0180237,4.78216,17.3661,44769
20111104T013218.269370,69,0,2.03374,-15.5649,1.77693,4.84361,15.7968,44773
20111104T013218.269371,148,1,1.50857,-15.7106,1.69843,4.80683,15.8734,44775
20111104T013218.269373,179,4,0.967277,-17.3172,1.81194,4.76936,17.438,44780
20111104T013218.269375,1,6,1.21526,-17.2738,2.38952,4.7838,17.48,44784
20111104T013218.269375,31,7,0.653341,-19.9294,2.67178,4.74414,20.1178,44786
20111104T013218.269379,92,12,2.1581,-16.2839,0.737228,4.84539,16.4422,44795
20111104T013218.269380,80,13,1.65626,-17.4861,0.699285,4.80567,17.5777,44797
20111104T013218.269380,84,14,2.51475,-17.1304,1.37748,4.85932,17.3682,44799
20111104T013218.269381,97,15,1.83451,-16.7664,1.25222,4.82017,16.9123,44801
20111104T013218.269382,156,16,1.00804,-17.3012,0.607618,4.77176,17.3407,44803
20111104T013218.269383,153,18,1.2354,-16.9507,1.16778,4.78634,17.0352,44807
20111104T013218.269389,117,26,2.54833,-17.0968,0.179298,4.86153,17.286,44821
20111104T013218.269390,77,27,1.91494,-17.0585,0.0806136,4.82299,17.1653,44822
20111104T013218.269392,88,30,1.30237,-17.3599,0.0184006,4.78844,17.4081,44827
20111104T013218.269393,173,0,2.15817,-15.7445,1.80067,4.84989,15.9928,44831
20111104T013218.269394,80,1,1.61005,-15.7285,1.70166,4.81311,15.9014,44833
20111104T013218.269396,152,4,1.08398,-17.4358,1.82602,4.77564,17.564,44838
20111104T013218.269398,1,6,1.28507,-16.7686,2.31669,4.79008,16.976,44842
20111104T013218.269399,22,7,0.753546,-19.2679,2.57909,4.75042,19.4538,44844
20111104T013218.269402,125,12,2.26148,-16.2779,0.737654,4.85167,16.4502,44853
20111104T013218.269403,148,13,1.76649,-17.4793,0.699476,4.81195,17.5817,44855
20111104T013218.269404,52,14,2.6269,-17.1438,1.3801,4.86561,17.3982,44857
20111104T013218.269404,35,15,1.94957,-16.8397,1.25929,4.82645,16.9983,44859
20111104T013218.269405,72,16,1.12263,-17.3843,0.611487,4.77804,17.4307,44861
20111104T013218.269412,113,26,2.66251,-17.1239,0.180106,4.86781,17.33,44877
20111104T013218.269413,76,27,2.02558,-17.0759,0.0809954,4.82928,17.1953,44878
20111104T013218.269415,33,30,1.40616,-17.2876,0.0178262,4.79472,17.3441,44883
20111104T013218.269417,116,0,2.23965,-15.7852,1.80697,4.85461,16.0448,44886
20111104T013218.269418,124,1,1.68415,-15.7208,1.70166,4.81782,15.9014,44888
20111104T013218.269420,135,4,1.16708,-17.4443,1.82759,4.78036,17.578,44894
20111104T013218.269421,1,6,1.32123,-16.2436,2.24068,4.7948,16.45,44897
20111104T013218.269422,17,7,0.831471,-18.9634,2.53665,4.75514,19.1498,44899
20111104T013218.269426,96,12,2.34446,-16.3106,0.739995,4.85638,16.4942,44909
20111104T013218.269426,62,13,1.8478,-17.4608,0.698999,4.81666,17.5717,44911
20111104T013218.269427,77,14,2.71361,-17.1687,1.38342,4.87032,17.4362,44913
20111104T013218.269428,59,15,2.0615,-17.1034,1.28197,4.83116,17.2743,44915
20111104T013218.269428,106,16,1.2058,-17.3967,0.61226,4.78276,17.4487,44917
20111104T013218.269430,145,18,1.41899,-16.9043,1.16533,4.79733,17.0032,44920
20111104T013218.269436,124,26,2.82352,-17.6086,0.189352,4.87252,17.834,44933
20111104T013218.269436,88,27,2.1087,-17.088,0.0812754,4.83399,17.2173,44935
20111104T013218.269439,97,30,1.46014,-16.966,0.01499,4.79943,17.0281,44940
20111104T013218.269439,1,31,0.849069,-17.1488,-0.098444,4.76068,17.1695,44942
20111104T013218.269440,113,0,2.34584,-15.818,1.81279,4.86089,16.0928,44944
20111104T013218.269441,73,1,1.78755,-15.7513,1.70652,4.82411,15.9434,44946
20111104T013218.269444,25,6,1.39241,-15.8881,2.18982,4.80108,16.098,44953
20111104T013218.269445,1,7,0.954972,-19.0468,2.54922,4.76142,19.2398,44955
20111104T013218.269449,119,12,2.44839,-16.3054,0.740527,4.86267,16.5042,44965
20111104T013218.269450,77,13,1.96122,-17.4826,0.700618,4.82295,17.6057,44967
20111104T013218.269451,51,15,2.17091,-17.1059,1.28328,4.83744,17.2903,44970
20111104T013218.269452,105,16,1.31692,-17.4127,0.613292,4.78904,17.4727,44972
20111104T013218.269453,142,18,1.44161,-15.9816,1.09484,4.80362,16.0832,44975
20111104T013218.269454,1,19,0.91913,-17.4256,1.09433,4.76392,17.4835,44977
20111104T013218.269459,123,26,2.94073,-17.63,0.190086,4.87881,17.874,44988
20111104T013218.269460,171,27,2.20531,-16.9911,0.0802064,4.84027,17.1333,44990
20111104T013218.269460,34,60,1.38794,-16.4723,2.64141,4.79768,16.7403,44992
20111104T013218.269463,95,31,0.963455,-17.2649,-0.098164,4.76696,17.2915,44995
20111104T013218.269463,108,0,2.44916,-15.8284,1.81594,4.86717,16.1188,44997
20111104T013218.269464,121,1,1.88625,-15.7378,1.70629,4.83039,15.9414,44999
20111104T013218.269466,107,4,1.29506,-16.2991,1.70018,4.79292,16.438,45005
20111104T013218.269468,1,6,1.47907,-15.7411,2.16958,4.80736,15.958,45008
20111104T013218.269468,1,7,1.07331,-19.0167,2.54587,4.7677,19.2158,45010
20111104T013218.269472,87,12,2.55983,-16.3469,0.743613,4.86895,16.5622,45019
20111104T013218.269473,131,13,1.96087,-16.5315,0.655574,4.82923,16.6597,45021
20111104T013218.269474,1,14,2.85477,-16.7012,1.34504,4.88288,16.9962,45023
20111104T013218.269474,89,15,2.28278,-17.1256,1.28608,4.84373,17.3243,45025
20111104T013218.269475,107,16,1.42895,-17.436,0.614667,4.79532,17.5047,45027
20111104T013218.269476,12,17,0.791991,-17.6879,0.510178,4.75599,17.7124,45029
20111104T013218.269477,188,19,1.01926,-17.2581,1.08292,4.7702,17.3215,45032
20111104T013218.269483,109,27,2.3238,-17.0642,0.0813263,4.84656,17.2213,45044
20111104T013218.269484,9,60,1.49231,-16.4731,2.64301,4.80396,16.7503,45046
20111104T013218.269485,1,30,1.68097,-17.0239,0.0156901,4.812,17.1061,45048
20111104T013218.269486,61,31,1.0741,-17.2945,-0.0980814,4.77324,17.3275,45050
20111104T013218.269487,99,1,1.9878,-15.7473,1.70883,4.83667,15.9634,45053
20111104T013218.269490,103,4,1.36694,-15.9402,1.66061,4.79921,16.084,45059
20111104T013218.269490,1,5,0.840272,-17.2618,1.68665,4.75985,17.3637,45061
20111104T013218.269491,44,6,1.58675,-15.8181,2.1823,4.81365,16.046,45063
20111104T013218.269492,1,7,1.19814,-19.0965,2.55815,4.77399,19.3038,45065
20111104T013218.269495,133,12,2.66378,-16.3384,0.744039,4.87523,16.5702,45074
20111104T013218.269496,89,13,2.06691,-16.5367,0.656431,4.83551,16.6777,45076
20111104T013218.269497,1,14,2.84788,-16.0573,1.2894,4.88917,16.3582,45078
20111104T013218.269498,51,15,2.39554,-17.1484,1.2892,4.85001,17.3623,45080
20111104T013218.269498,100,16,1.54043,-17.4485,0.615613,4.80161,17.5267,45082
20111104T013218.269499,1,17,0.88617,-17.3432,0.497741,4.76227,17.3724,45084
20111104T013218.269500,51,18,1.72765,-16.7814,1.15813,4.81618,16.9092,45086
20111104T013218.269501,185,19,1.13726,-17.4007,1.09349,4.77649,17.4715,45088
20111104T013218.269506,99,27,2.43545,-17.0809,0.0817335,4.85284,17.2533,45101
20111104T013218.269509,1,30,1.79044,-17.0368,0.0159055,4.81828,17.1301,45105
20111104T013218.269509,73,31,1.18436,-17.3113,-0.0980263,4.77953,17.3515,45107
20111104T013218.269658,171,0,2.6482,-15.7984,1.81618,4.87974,16.1208,45109
20111104T013218.269659,98,1,2.09188,-15.7739,1.71346,4.84296,16.0034,45111
20111104T013218.269661,195,4,1.45247,-15.775,1.64295,4.80549,15.926,45117
20111104T013218.269662,170,5,0.950637,-17.2919,1.69043,4.76614,17.3997,45119
20111104T013218.269663,38,6,1.68674,-15.8138,2.18317,4.81993,16.052,45121
20111104T013218.269663,1,7,1.20352,-17.4032,2.32001,4.78027,17.5978,45123
20111104T013218.269667,77,12,2.77849,-16.3922,0.74787,4.88152,16.6422,45131
20111104T013218.269668,109,13,2.17438,-16.5511,0.657764,4.8418,16.7057,45133
20111104T013218.269668,1,14,2.95741,-16.0861,1.29358,4.89545,16.4062,45135
20111104T013218.269669,93,15,2.50752,-17.1626,1.29166,4.85629,17.3923,45137
20111104T013218.269670,84,16,1.65194,-17.4584,0.616473,4.80789,17.5467,45139
20111104T013218.269671,184,17,0.989737,-17.2415,0.494229,4.76855,17.2764,45141
20111104T013218.269671,48,18,1.84072,-16.8395,1.16349,4.82247,16.9792,45143
20111104T013218.269672,99,19,1.24839,-17.4191,1.09532,4.78277,17.4975,45145
20111104T013218.269678,127,27,2.54886,-17.1068,0.082268,4.85912,17.2953,45156
20111104T013218.269680,1,30,1.9017,-17.063,0.0162466,4.82457,17.1681,45161
20111104T013218.269681,59,31,1.2956,-17.3375,-0.0979483,4.78581,17.3855,45163
20111104T013218.269681,58,0,2.76799,-15.8987,1.83072,4.88602,16.2408,45165
20111104T013218.269682,57,1,2.19338,-15.7782,1.71554,4.84924,16.0214,45167
20111104T013218.269684,184,4,1.54998,-15.7497,1.64117,4.81177,15.91,45173
20111104T013218.269685,144,5,1.06583,-17.3948,1.70199,4.77242,17.5097,45175
20111104T013218.269686,18,6,1.78405,-15.7851,2.18057,4.82621,16.034,45177
20111104T013218.269687,58,7,1.2832,-16.9964,2.26361,4.78655,17.1938,45179
20111104T013218.269689,40,10,0.753203,-19.3923,2.48701,4.75226,19.5651,45185
20111104T013218.269691,39,13,2.28509,-16.5866,0.660145,4.84808,16.7557,45190
20111104T013218.269692,1,14,3.1368,-16.4762,1.33004,4.90173,16.8242,45192
20111104T013218.269692,46,15,2.61769,-17.1623,1.29298,4.86258,17.4083,45194
20111104T013218.269693,114,16,1.76383,-17.4696,0.617418,4.81417,17.5687,45196
20111104T013218.269694,197,17,1.10603,-17.3626,0.498912,4.77484,17.4044,45198
20111104T013218.269695,21,18,1.98701,-17.1743,1.19031,4.82875,17.3292,45200
20111104T013218.269695,75,19,1.31778,-16.8897,1.0584,4.78905,16.9735,45202
20111104T013218.269701,86,27,2.66544,-17.1497,0.0830316,4.86541,17.3553,45217
20111104T013218.269703,1,30,2.01147,-17.0726,0.016444,4.83085,17.1901,45222
20111104T013218.269704,75,31,1.40689,-17.3589,-0.0978794,4.79209,17.4155,45224
20111104T013218.269705,36,0,2.83935,-15.866,1.8283,4.89074,16.2208,45226
20111104T013218.269708,73,4,1.62583,-15.758,1.64295,4.81648,15.926,45233
20111104T013218.269708,139,5,1.15023,-17.4273,1.70598,4.77713,17.5477,45235
20111104T013218.269709,1,6,1.86614,-15.8414,2.1901,4.83092,16.1,45237
20111104T013218.269710,59,7,1.31491,-16.3781,2.17707,4.79126,16.5738,45239
20111104T013218.269712,35,10,0.824263,-18.9331,2.42533,4.75697,19.1051,45245
20111104T013218.269714,96,13,2.50413,-17.5726,0.708142,4.85279,17.7637,45250
20111104T013218.269715,1,14,3.21134,-16.4456,1.32864,4.90645,16.8082,45252
20111104T013218.269716,106,15,2.70531,-17.1931,1.29659,4.86729,17.4523,45254
20111104T013218.269716,63,16,1.84443,-17.4452,0.61673,4.81888,17.5527,45256
20111104T013218.269717,187,17,1.19025,-17.3931,0.500228,4.77955,17.4404,45258
20111104T013218.269718,1,18,2.07322,-17.2082,1.19368,4.83346,17.3732,45260
20111104T013218.269719,52,19,1.41293,-17.0742,1.07193,4.79377,17.1655,45262
20111104T013218.269724,174,27,2.82036,-17.6031,0.0890383,4.87012,17.8273,45274
20111104T013218.269727,1,30,2.09854,-17.1165,0.0169287,4.83556,17.2441,45279
20111104T013218.269727,65,31,1.49036,-17.372,-0.0978335,4.7968,17.4355,45281
20111104T013218.269728,33,0,2.93279,-15.8146,1.82418,4.89702,16.1868,45283
20111104T013218.269729,31,1,2.34801,-15.6274,1.70074,4.86024,15.8934,45285
20111104T013218.269732,1,6,1.96169,-15.798,2.18548,4.83721,16.068,45292
20111104T013218.269733,148,7,1.36945,-15.8032,2.09694,4.79755,15.9998,45294
20111104T013218.269735,1,10,0.943408,-18.9315,2.42586,4.76325,19.1091,45299
20111104T013218.269738,44,13,2.58908,-17.3846,0.699856,4.85908,17.5897,45305
20111104T013218.269740,135,16,1.9621,-17.5047,0.619825,4.82517,17.6247,45310
20111104T013218.269740,186,17,1.30113,-17.4072,0.501033,4.78583,17.4624,45312
20111104T013218.269741,1,18,2.18611,-17.2325,1.19659,4.83975,17.4112,45314
20111104T013218.269742,171,19,1.42551,-15.9879,0.995551,4.80005,16.0815,45316
20111104T013218.269744,1,22,0.906383,-17.4267,1.00107,4.76552,17.4784,45322
20111104T013218.269748,104,27,2.94201,-17.6521,0.0899037,4.8764,17.8953,45328
20111104T013218.269750,1,30,2.21508,-17.1724,0.0175569,4.84185,17.3141,45332
20111104T013218.269751,69,31,1.60184,-17.3882,-0.0977739,4.80309,17.4615,45334
20111104T013218.269752,1,1,2.48671,-15.8734,1.73149,4.86652,16.1594,45338
20111104T013218.269753,25,2,1.03087,-19.3862,-0.202398,4.76656,19.4141,45340
20111104T013218.269754,31,4,1.82465,-15.7443,1.64385,4.82905,15.934,45343
20111104T013218.269755,92,5,1.28526,-16.3287,1.59129,4.7897,16.4557,45345
20111104T013218.269756,37,6,2.05082,-15.7088,2.17421,4.84349,15.99,45347
20111104T013218.269759,1,10,1.06483,-18.9688,2.43176,4.76954,19.1531,45353
20111104T013218.269761,158,13,2.72048,-17.5121,0.706808,4.86536,17.7357,45359
20111104T013218.269763,76,16,2.0787,-17.5476,0.622232,4.83145,17.6807,45364
20111104T013218.269764,195,17,1.4135,-17.4366,0.502423,4.79211,17.5004,45365
20111104T013218.269764,1,18,2.28451,-17.1453,1.19092,4.84603,17.3372,45367
20111104T013218.269767,187,22,1.00614,-17.2573,0.990385,4.7718,17.3144,45373
20111104T013218.269773,58,30,2.30669,-17.0392,0.0164799,4.84813,17.1941,45383
20111104T013218.269774,64,31,1.71339,-17.4016,-0.0977188,4.80937,17.4855,45385
20111104T013218.269775,157,1,2.58323,-15.8378,1.72918,4.8728,16.1394,45389
20111104T013218.269776,1,2,1.15097,-19.3514,-0.202305,4.77285,19.3861,45391
20111104T013218.269778,22,4,1.9228,-15.7266,1.64318,4.83533,15.928,45394
20111104T013218.269779,44,6,2.14379,-15.6544,2.16814,4.84977,15.948,45397
20111104T013218.269780,37,7,1.57121,-15.8183,2.10169,4.81011,16.0338,45399
20111104T013218.269781,1,8,0.835905,-17.3688,1.61215,4.76165,17.4629,45401
20111104T013218.269782,1,10,1.13047,-18.1191,2.31751,4.77582,18.3011,45405
20111104T013218.269784,115,13,2.85897,-17.6722,0.715379,4.87164,17.9157,45411
20111104T013218.269786,111,16,2.18866,-17.5322,0.622146,4.83773,17.6787,45416
20111104T013218.269787,183,17,1.52474,-17.4473,0.503155,4.7984,17.5204,45418
20111104T013218.269788,89,18,2.39664,-17.1622,1.19337,4.85231,17.3692,45420
20111104T013218.269789,34,19,1.70196,-16.721,1.04896,4.81262,16.8395,45422
20111104T013218.269789,1,20,0.866451,-17.3781,0.414849,4.76338,17.404,45424
20111104T013218.269791,198,22,1.12595,-17.4239,1.00172,4.77809,17.4884,45428
20111104T013218.269796,24,61,1.31323,-16.8042,2.54019,4.78917,17.0457,45438
20111104T013218.269797,73,30,2.4188,-17.06,0.016803,4.85441,17.2301,45439
20111104T013218.269797,120,31,1.8264,-17.4263,-0.0976362,4.81565,17.5215,45441
20111104T013218.269976,75,1,2.69291,-15.882,1.73635,4.87909,16.2014,45445
20111104T013218.269977,1,2,1.27693,-19.4096,-0.202524,4.77913,19.4521,45447
20111104T013218.269978,21,4,2.02593,-15.7477,1.64698,4.84162,15.962,45451
20111104T013218.269979,99,5,1.44411,-15.7982,1.53688,4.80226,15.9377,45453
20111104T013218.269980,117,6,2.25061,-15.6994,2.17681,4.85606,16.008,45455
20111104T013218.269980,99,7,1.68578,-15.9538,2.12235,4.8164,16.1818,45457
20111104T013218.269981,1,8,0.948665,-17.4287,1.61876,4.76793,17.5289,45459
20111104T013218.269982,33,10,1.19252,-17.3702,2.21694,4.7821,17.5511,45463
20111104T013218.269985,99,13,2.97555,-17.6874,0.716998,4.87792,17.9497,45468
20111104T013218.269986,1,15,2.95913,-16.145,1.21492,4.89242,16.4583,45472
20111104T013218.269987,96,16,2.30428,-17.5597,0.623951,4.84402,17.7207,45474
20111104T013218.269988,185,17,1.63562,-17.4513,0.503667,4.80468,17.5344,45476
20111104T013218.269988,52,18,2.50849,-17.1744,1.19552,4.8586,17.3972,45478
20111104T013218.269989,59,19,1.80974,-16.7358,1.05079,4.8189,16.8655,45480
20111104T013218.269990,174,20,0.970474,-17.2825,0.411991,4.76966,17.314,45482
20111104T013218.269991,96,22,1.23627,-17.4284,1.0025,4.78437,17.5004,45486
20111104T013218.269996,1,61,1.38811,-16.4272,2.48373,4.79546,16.6717,45495
20111104T013218.269997,81,30,2.53245,-17.088,0.0171979,4.8607,17.2741,45496
20111104T013218.269998,39,31,1.93695,-17.4245,-0.0976132,4.82194,17.5315,45498
20111104T013218.269999,109,1,2.79777,-15.8941,1.73982,4.88537,16.2314,45502
20111104T013218.270000,1,2,1.39915,-19.4052,-0.202538,4.78541,19.4561,45504
20111104T013218.270001,30,4,2.12698,-15.7504,1.64877,4.8479,15.978,45508
20111104T013218.270002,196,5,1.53781,-15.7314,1.53079,4.80855,15.8797,45510
20111104T013218.270003,186,6,2.35335,-15.7124,2.18086,4.86234,16.036,45512
20111104T013218.270004,66,7,1.77029,-15.8012,2.10225,4.82268,16.0378,45514
20111104T013218.270004,186,8,1.05446,-17.3628,1.61275,4.77421,17.4689,45516
20111104T013218.270006,1,10,1.27787,-17.0501,2.17457,4.78839,17.2351,45520
20111104T013218.270007,80,11,0.736327,-19.421,2.35326,4.74924,19.5764,45522
20111104T013218.270010,98,16,2.41868,-17.5745,0.625241,4.8503,17.7507,45531
20111104T013218.270011,178,17,1.74858,-17.4744,0.504911,4.81096,17.5684,45532
20111104T013218.270012,89,18,2.62029,-17.1839,1.19751,4.86488,17.4232,45534
20111104T013218.270012,26,19,2.00401,-17.5111,1.10673,4.82518,17.6595,45536
20111104T013218.270013,132,20,1.08488,-17.3678,0.414912,4.77594,17.406,45538
20111104T013218.270015,116,22,1.30612,-16.915,0.969408,4.79065,16.9924,45542
20111104T013218.270020,1,61,1.48283,-16.3236,2.46923,4.80174,16.5757,45551
20111104T013218.270020,73,30,2.64592,-17.1113,0.0175569,4.86698,17.3141,45552
20111104T013218.270021,63,31,2.05263,-17.4656,-0.0974893,4.82822,17.5855,45554
20111104T013218.270023,89,1,2.87966,-15.9199,1.74444,4.89008,16.2714,45558
20111104T013218.270023,1,2,1.49338,-19.4343,-0.202657,4.79012,19.4921,45560
20111104T013218.270025,136,4,2.20507,-15.7677,1.65189,4.85261,16.006,45564
20111104T013218.270026,165,6,2.43559,-15.7539,2.18866,4.86705,16.09,45567
20111104T013218.270027,186,7,1.8411,-15.7612,2.09778,4.82739,16.0058,45569
20111104T013218.270029,73,10,1.30019,-16.3268,2.07721,4.7931,16.5091,45574
20111104T013218.270030,68,11,0.798659,-18.7156,2.2632,4.75395,18.8684,45576
20111104T013218.270033,1,15,3.20421,-16.4618,1.24434,4.90342,16.8163,45583
20111104T013218.270033,99,16,2.50744,-17.6045,0.627046,4.85501,17.7927,45585
20111104T013218.270034,116,17,1.82823,-17.4402,0.50396,4.81568,17.5424,45587
20111104T013218.270035,53,18,2.71154,-17.2364,1.20257,4.86959,17.4892,45589
20111104T013218.270036,1,19,2.09352,-17.5609,1.11096,4.82989,17.7195,45591
20111104T013218.270036,124,20,1.16835,-17.3864,0.415674,4.78065,17.43,45593
20111104T013218.270038,37,22,1.40152,-17.0976,0.981786,4.79536,17.1824,45597
20111104T013218.270043,1,61,1.68248,-17.6175,2.66881,4.80645,17.8977,45609
20111104T013218.270044,88,30,2.80711,-17.6002,0.0221163,4.87169,17.8221,45610
20111104T013218.270044,85,31,2.13612,-17.4656,-0.0974664,4.83293,17.5955,45612
20111104T013218.270046,88,1,2.99235,-15.9698,1.75254,4.89636,16.3414,45615
20111104T013218.270047,1,2,1.61646,-19.4365,-0.202697,4.79641,19.5041,45617
20111104T013218.270048,166,4,2.31309,-15.8145,1.65882,4.8589,16.068,45620
20111104T013218.270050,67,7,1.94872,-15.8201,2.10783,4.83368,16.0778,45624
20111104T013218.270051,86,8,1.2055,-16.8044,1.55766,4.78521,16.9189,45626
20111104T013218.270052,128,10,1.37348,-15.9827,2.03162,4.79938,16.1691,45629
20111104T013218.270053,142,11,0.916331,-18.7122,2.26346,4.76023,18.8704,45631
20111104T013218.270057,95,16,2.62245,-17.618,0.628336,4.8613,17.8227,45640
20111104T013218.270057,149,17,1.94652,-17.5078,0.506886,4.82196,17.6224,45642
20111104T013218.270058,70,18,2.80843,-17.1501,1.1972,4.87587,17.4192,45644
20111104T013218.270059,1,19,2.20825,-17.583,1.1135,4.83618,17.7555,45646
20111104T013218.270060,118,20,1.27995,-17.4106,0.41669,4.78694,17.462,45648
20111104T013218.270061,121,22,1.42584,-16.1601,0.920941,4.80165,16.2484,45652
20111104T013218.270062,1,23,0.893239,-17.386,0.899083,4.76255,17.4315,45654
20111104T013218.270066,1,61,1.59647,-15.6532,2.36899,4.81273,15.9117,45662
20111104T013218.270067,78,30,2.92357,-17.6177,0.0224394,4.87797,17.8581,45663
20111104T013218.270068,64,31,2.25062,-17.4896,-0.0973792,4.83922,17.6335,45665
20111104T013218.270070,1,2,1.73964,-19.4379,-0.202737,4.80269,19.5161,45669
20111104T013218.270071,128,4,2.42058,-15.8527,1.66486,4.86518,16.122,45673
20111104T013218.270072,18,5,1.81479,-15.7499,1.53583,4.82583,15.9277,45675
20111104T013218.270073,28,6,2.63962,-15.7591,2.19415,4.87962,16.128,45677
20111104T013218.270073,77,7,2.01759,-15.5699,2.07405,4.83996,15.8358,45679
20111104T013218.270074,46,8,1.27442,-16.3343,1.51098,4.79149,16.4529,45681
20111104T013218.270076,34,10,1.44268,-15.6402,1.9863,4.80567,15.8311,45684
20111104T013218.270076,66,11,1.03528,-18.7318,2.26676,4.76652,18.8964,45686
20111104T013218.270080,97,16,2.73803,-17.6328,0.629711,4.86758,17.8547,45696
20111104T013218.270081,173,17,2.05972,-17.523,0.50791,4.82824,17.6504,45698
20111104T013218.270082,1,19,2.30807,-17.4877,1.10772,4.84246,17.6735,45701
20111104T013218.270083,125,20,1.39045,-17.4162,0.417135,4.79322,17.476,45703
20111104T013218.270085,188,23,0.99435,-17.2365,0.890519,4.76884,17.2875,45706
20111104T013218.270090,71,61,1.69605,-15.6547,2.3708,4.81902,15.9237,45713
20111104T013218.270091,83,31,2.3663,-17.5187,-0.0972782,4.8455,17.6775,45715
20111104T013218.270093,1,2,1.86752,-19.4863,-0.202937,4.80897,19.5761,45721
20111104T013218.270095,124,4,2.52549,-15.8706,1.66866,4.87146,16.156,45725
20111104T013218.270095,1,5,1.9149,-15.7481,1.53688,4.83211,15.9377,45727
20111104T013218.270096,40,6,2.74781,-15.7949,2.20195,4.8859,16.182,45729
20111104T013218.270097,45,7,2.11802,-15.5765,2.07684,4.84624,15.8558,45731
20111104T013218.270099,63,10,1.55589,-15.7808,2.00668,4.81195,15.9831,45735
20111104T013218.270103,98,16,2.85423,-17.6488,0.631172,4.87386,17.8887,45746
20111104T013218.270104,176,17,2.17465,-17.5494,0.509374,4.83453,17.6904,45748
20111104T013218.270105,1,18,2.87458,-16.2752,1.13177,4.88844,16.5652,45750
20111104T013218.270106,1,19,2.3756,-17.1645,1.08574,4.84874,17.3615,45752
20111104T013218.270106,116,20,1.50246,-17.437,0.418087,4.7995,17.506,45754
20111104T013218.270107,96,21,0.858016,-17.2007,0.292484,4.76105,17.224,45756
20111104T013218.270108,37,22,1.69027,-16.7425,0.960418,4.81421,16.8544,45758
20111104T013218.270108,198,23,1.11202,-17.3793,0.89944,4.77512,17.4375,45760
20111104T013218.270113,67,61,1.79438,-15.6437,2.3708,4.8253,15.9237,45767
20111104T013218.270114,56,31,2.47939,-17.5253,-0.0972277,4.85178,17.6995,45770
20111104T013218.270267,1,2,1.99135,-19.4881,-0.202983,4.81526,19.5901,45776
20111104T013218.270268,132,4,2.63235,-15.8975,1.67358,4.87775,16.2,45780
20111104T013218.270269,1,5,2.02031,-15.787,1.54234,4.83839,15.9897,45782
20111104T013218.270270,30,6,2.85903,-15.8435,2.21178,4.89219,16.25,45784
20111104T013218.270270,82,7,2.23798,-15.7198,2.09918,4.85253,16.0158,45786
20111104T013218.270271,1,8,1.43094,-15.7879,1.45749,4.80406,15.9189,45788
20111104T013218.270272,1,9,0.933359,-17.4621,1.48738,4.76463,17.5496,45790
20111104T013218.270272,53,10,1.6682,-15.8948,2.02358,4.81823,16.1091,45792
20111104T013218.270273,55,11,1.19853,-17.6386,2.12812,4.77908,17.8064,45794
20111104T013218.270277,91,16,2.97007,-17.66,0.632462,4.88015,17.9187,45803
20111104T013218.270278,171,17,2.28769,-17.5572,0.510178,4.84081,17.7124,45805
20111104T013218.270278,1,18,2.9493,-16.1077,1.12012,4.89472,16.4132,45807
20111104T013218.270279,55,19,2.48624,-17.169,1.08714,4.85503,17.3815,45809
20111104T013218.270280,114,20,1.61497,-17.459,0.419103,4.80579,17.538,45811
20111104T013218.270280,194,21,0.972442,-17.3108,0.295382,4.76733,17.34,45813
20111104T013218.270281,68,22,1.79263,-16.7058,0.958725,4.8205,16.8284,45815
20111104T013218.270282,202,23,1.22257,-17.3919,0.900629,4.7814,17.4575,45817
20111104T013218.270286,66,61,1.89217,-15.6282,2.3702,4.83158,15.9197,45826
20111104T013218.270288,46,31,2.59148,-17.5232,-0.0971956,4.85807,17.7135,45828
20111104T013218.270290,1,2,2.11594,-19.4951,-0.20305,4.82154,19.6101,45833
20111104T013218.270291,136,4,2.73897,-15.9198,1.67805,4.88403,16.24,45836
20111104T013218.270292,1,5,2.1192,-15.7721,1.54213,4.84468,15.9877,45838
20111104T013218.270293,53,6,2.97207,-15.8972,2.22247,4.89847,16.324,45840
20111104T013218.270294,163,7,2.34942,-15.7916,2.11146,4.85881,16.1038,45842
20111104T013218.270295,166,9,1.03653,-17.3445,1.47702,4.77091,17.4376,45845
20111104T013218.270296,41,10,1.7534,-15.7541,2.00587,4.82451,15.9771,45847
20111104T013218.270297,59,11,1.26001,-16.9561,2.04138,4.78537,17.1244,45849
20111104T013218.270301,178,17,2.40332,-17.5821,0.511642,4.84709,17.7524,45860
20111104T013218.270302,94,19,2.59791,-17.1787,1.08898,4.86131,17.4075,45863
20111104T013218.270303,112,20,1.72742,-17.4764,0.419993,4.81207,17.566,45865
20111104T013218.270304,197,21,1.08388,-17.3482,0.296482,4.77362,17.384,45867
20111104T013218.270310,60,61,1.99131,-15.6239,2.37141,4.83787,15.9277,45879
20111104T013218.270311,44,31,2.70789,-17.5481,-0.0970992,4.86435,17.7555,45881
20111104T013218.270313,1,2,2.20347,-19.4471,-0.202923,4.82625,19.5721,45886
20111104T013218.270315,112,4,2.82233,-15.9537,1.68341,4.88874,16.288,45890
20111104T013218.270315,1,5,2.19703,-15.7875,1.54486,4.84939,16.0137,45892
20111104T013218.270316,27,6,3.05221,-15.9102,2.22652,4.90318,16.352,45894
20111104T013218.270317,116,7,2.4414,-15.8959,2.12793,4.86352,16.2218,45896
20111104T013218.270318,8,8,1.60465,-15.7732,1.45769,4.81506,15.9209,45898
20111104T013218.270319,99,10,1.83663,-15.8224,2.01633,4.82923,16.0551,45901
20111104T013218.270320,95,11,1.29032,-16.3131,1.95947,4.79008,16.4804,45903
20111104T013218.270324,181,17,2.48976,-17.5963,0.512593,4.8518,17.7784,45914
20111104T013218.270325,1,18,3.19826,-16.4422,1.14893,4.90572,16.7892,45916
20111104T013218.270326,41,19,2.69166,-17.249,1.09489,4.86602,17.4915,45918
20111104T013218.270326,67,20,1.80893,-17.4601,0.419738,4.81678,17.558,45920
20111104T013218.270327,192,21,1.16628,-17.3529,0.296731,4.77833,17.394,45922
20111104T013218.270328,1,22,2.07865,-17.5411,1.01501,4.83149,17.6924,45924
20111104T013218.270329,43,23,1.38277,-16.9914,0.877554,4.7924,17.0695,45926
20111104T013218.270333,32,61,2.09058,-15.8103,2.4016,4.84258,16.1277,45936
20111104T013218.270334,53,31,2.79711,-17.5766,-0.0970028,4.86906,17.7975,45938
20111104T013218.270337,1,2,2.33376,-19.5004,-0.203149,4.83254,19.6401,45944
20111104T013218.270338,122,4,2.92937,-15.9728,1.68766,4.89502,16.326,45948
20111104T013218.270339,1,5,2.30101,-15.8069,1.54843,4.85567,16.0477,45950
20111104T013218.270340,76,7,2.54682,-15.9154,2.13296,4.8698,16.2578,45954
20111104T013218.270341,1,8,1.70762,-15.7984,1.46129,4.82134,15.9569,45956
20111104T013218.270343,100,11,1.36517,-15.9765,1.91724,4.79636,16.1484,45960
20111104T013218.270347,185,17,2.60578,-17.6179,0.513983,4.85809,17.8164,45969
20111104T013218.270349,90,19,2.78918,-17.1648,1.0901,4.87231,17.4235,45972
20111104T013218.270350,144,20,1.92058,-17.4663,0.42031,4.82307,17.576,45974
20111104T013218.270350,187,21,1.27759,-17.3772,0.297531,4.78461,17.426,45976
20111104T013218.270351,1,22,2.19407,-17.5693,1.01775,4.83778,17.7344,45978
20111104T013218.270352,146,23,1.41414,-16.1111,0.825457,4.79868,16.1935,45980
20111104T013218.270356,15,61,2.1724,-15.6696,2.38197,4.84886,15.9977,45990
20111104T013218.270358,46,31,2.91268,-17.5903,-0.0969294,4.87534,17.8295,45991
20111104T013218.270360,1,2,2.48373,-19.7016,-0.203874,4.83882,19.8581,45997
20111104T013218.270362,1,5,2.40295,-15.8098,1.55032,4.86195,16.0657,46002
20111104T013218.270363,153,7,2.6487,-15.9108,2.13463,4.87609,16.2698,46006
20111104T013218.270364,1,8,1.80021,-15.73,1.45548,4.82762,15.8989,46008
20111104T013218.270365,48,9,1.26397,-16.3749,1.38851,4.78819,16.4816,46010
20111104T013218.270366,152,10,2.0036,-15.5543,1.98308,4.84179,15.8071,46012
20111104T013218.270366,35,11,1.44121,-15.6989,1.88264,4.80265,15.8764,46014
20111104T013218.270371,187,17,2.72006,-17.6249,0.514861,4.86437,17.8404,46023
20111104T013218.270373,109,20,2.03822,-17.5214,0.422469,4.82935,17.644,46027
20111104T013218.270374,57,21,1.37546,-17.2253,0.293933,4.79089,17.282,46029
20111104T013218.270374,1,22,2.1244,-16.1959,0.928237,4.84406,16.3604,46031
20111104T013218.270375,50,23,1.51497,-16.098,0.825219,4.80496,16.1895,46033
20111104T013218.270380,35,61,2.27446,-15.6811,2.3859,4.85515,16.0237,46042
20111104T013218.270381,91,31,3.01641,-17.5322,-0.0970212,4.88163,17.7895,46044
20111104T013218.270383,1,2,2.59635,-19.6024,-0.203595,4.8451,19.7741,46050
20111104T013218.270385,1,5,2.50903,-15.8376,1.55494,4.86824,16.1097,46055
20111104T013218.270388,1,8,1.9089,-15.7994,1.4637,4.83391,15.9809,46060
20111104T013218.270390,144,11,1.52357,-15.5217,1.86102,4.80893,15.7064,46064
20111104T013218.270394,178,17,2.83579,-17.639,0.516031,4.87065,17.8724,46073
20111104T013218.270396,1,19,2.8605,-16.301,1.03078,4.88487,16.5815,46076
20111104T013218.270396,109,20,2.15146,-17.534,0.423295,4.83563,17.67,46078
20111104T013218.270397,189,21,1.45776,-16.9115,0.286289,4.79718,16.976,46080
20111104T013218.270398,44,22,2.21295,-16.0874,0.921983,4.85034,16.2644,46082
20111104T013218.270403,29,61,2.37647,-15.6899,2.38952,4.86143,16.0477,46093
20111104T013218.270544,71,2,2.69841,-19.4351,-0.20309,4.85139,19.6221,46099
20111104T013218.270546,1,5,2.61202,-15.8431,1.55725,4.87452,16.1317,46105
20111104T013218.270547,34,7,2.86162,-15.9504,2.14524,4.88865,16.3458,46109
20111104T013218.270548,1,8,2.00889,-15.793,1.4643,4.84019,15.9869,46111
20111104T013218.270549,150,9,1.41762,-15.7705,1.33371,4.80075,15.8896,46113
20111104T013218.270549,49,10,2.28247,-16.1126,2.063,4.85436,16.4031,46115
20111104T013218.270550,103,11,1.62392,-15.5395,1.86458,4.81521,15.7344,46117
20111104T013218.270555,177,17,2.95343,-17.6623,0.517568,4.87694,17.9144,46127
20111104T013218.270556,1,19,2.98096,-16.3828,1.03797,4.89116,16.6835,46131
20111104T013218.270557,119,20,2.26727,-17.5638,0.424692,4.84192,17.714,46133
20111104T013218.270557,149,21,1.57199,-16.9896,0.288487,4.80346,17.064,46135
20111104T013218.270558,35,22,2.47291,-17.1673,0.994163,4.85663,17.3724,46137
20111104T013218.270559,14,23,1.72677,-16.169,0.830691,4.81753,16.2815,46139
20111104T013218.270563,63,61,2.47898,-15.7001,2.39345,4.86771,16.0737,46148
20111104T013218.270569,1,5,2.72018,-15.8774,1.56272,4.8808,16.1837,46160
20111104T013218.270571,71,7,2.97041,-15.9788,2.15194,4.89494,16.3938,46164
20111104T013218.270571,1,8,2.11234,-15.8116,1.4675,4.84647,16.0189,46166
20111104T013218.270573,144,10,2.3374,-15.7882,2.02062,4.86064,16.0871,46169
20111104T013218.270574,64,11,1.72239,-15.5369,1.8656,4.8215,15.7424,46171
20111104T013218.270580,113,20,2.3792,-17.561,0.425073,4.8482,17.726,46186
20111104T013218.270581,136,21,1.68084,-17.0013,0.289037,4.80974,17.086,46188
20111104T013218.270582,45,22,2.58581,-17.185,0.996378,4.86291,17.4064,46190
20111104T013218.270582,1,23,1.83677,-16.2332,0.83521,4.82381,16.3575,46192
20111104T013218.270587,61,61,2.58426,-15.7252,2.39979,4.874,16.1157,46202
20111104T013218.270592,1,5,2.82749,-15.9031,1.56734,4.88709,16.2277,46213
20111104T013218.270594,116,7,3.06072,-15.9073,2.1444,4.90122,16.3398,46216
20111104T013218.270595,1,8,2.21666,-15.8335,1.47111,4.85275,16.0549,46218
20111104T013218.270595,37,9,1.63575,-15.9496,1.35223,4.81332,16.0896,46220
20111104T013218.270596,176,10,2.45242,-15.8751,2.03457,4.86693,16.1911,46222
20111104T013218.270597,71,11,1.82111,-15.5356,1.86687,4.82778,15.7524,46224
20111104T013218.270603,65,19,3.21201,-16.4753,1.04741,4.90372,16.8175,46239
20111104T013218.270603,113,20,2.49601,-17.5913,0.426534,4.85448,17.772,46241
20111104T013218.270604,145,21,1.79094,-17.0222,0.289836,4.81603,17.118,46243
20111104T013218.270605,25,22,2.71493,-17.3024,1.00524,4.86919,17.5424,46245
20111104T013218.270606,1,23,2.08479,-17.4565,0.909312,4.8301,17.6035,46247
20111104T013218.270616,1,5,2.90879,-15.9248,1.57112,4.8918,16.2637,46268
20111104T013218.270618,1,8,2.28578,-15.7855,1.4673,4.85747,16.0169,46274
20111104T013218.270619,66,9,1.7132,-15.9635,1.35426,4.81803,16.1116,46276
20111104T013218.270619,77,10,2.53569,-15.9162,2.04181,4.87164,16.2451,46278
20111104T013218.270620,60,11,1.89407,-15.5249,1.86661,4.83249,15.7504,46280
20111104T013218.270627,111,20,2.58355,-17.6109,0.42755,4.85919,17.804,46296
20111104T013218.270627,146,21,1.8733,-17.0335,0.290336,4.82074,17.138,46298
20111104T013218.270628,1,22,2.78039,-17.191,0.998723,4.8739,17.4424,46300
20111104T013218.270629,1,23,2.17532,-17.5139,0.913356,4.83481,17.6715,46302
20111104T013218.270633,1,61,2.90947,-16.5703,2.53536,4.88499,17.0137,46312
20111104T013218.270639,103,5,3.02568,-15.9961,1.58078,4.89808,16.3557,46323
20111104T013218.270641,1,8,2.39692,-15.8495,1.47532,4.86375,16.0969,46329
20111104T013218.270642,49,9,1.81525,-15.9682,1.35574,4.82432,16.1276,46331
20111104T013218.270643,147,10,2.63826,-15.9156,2.04396,4.87792,16.2611,46333
20111104T013218.270643,75,11,1.99482,-15.5382,1.86992,4.83877,15.7764,46335
20111104T013218.270650,113,20,2.69873,-17.624,0.428502,4.86548,17.834,46351
20111104T013218.270651,142,21,1.98349,-17.0492,0.291036,4.82702,17.166,46353
20111104T013218.270652,1,23,2.28788,-17.5197,0.914546,4.84109,17.6915,46356
20111104T013218.270665,1,8,2.50145,-15.8656,1.47852,4.87003,16.1289,46382
20111104T013218.270667,165,11,2.11183,-15.6709,1.88875,4.84506,15.9244,46386
20111104T013218.270673,117,20,2.81417,-17.6363,0.429455,4.87176,17.864,46402
20111104T013218.270674,147,21,2.0925,-17.0522,0.291435,4.83331,17.182,46404
20111104T013218.270675,1,23,2.38851,-17.4357,0.910383,4.84738,17.6215,46407
20111104T013218.270834,1,8,2.61311,-15.9222,1.48593,4.87632,16.2029,46434
20111104T013218.270835,107,10,2.86859,-16.0509,2.06729,4.89049,16.4351,46437
20111104T013218.270836,103,11,2.22921,-15.7929,1.9063,4.85134,16.0624,46439
20111104T013218.270843,116,20,2.93118,-17.6557,0.430661,4.87804,17.902,46454
20111104T013218.270843,150,21,2.20619,-17.0903,0.292734,4.83959,17.234,46456
20111104T013218.270845,1,23,2.46653,-17.199,0.897061,4.85366,17.3975,46460
20111104T013218.270857,1,8,2.72152,-15.9545,1.49094,4.8826,16.2529,46488
20111104T013218.270858,1,9,2.26003,-17.027,1.4585,4.84317,17.2376,46490
20111104T013218.270859,48,10,2.97302,-16.052,2.06997,4.89677,16.4551,46492
20111104T013218.270860,129,11,2.33213,-15.8041,1.90961,4.85762,16.0884,46494
20111104T013218.270867,154,21,2.31646,-17.0979,0.293284,4.84587,17.256,46509
20111104T013218.270868,1,23,2.57983,-17.2187,0.899202,4.85994,17.4335,46512
20111104T013218.270881,1,8,2.82905,-15.9782,1.49515,4.88888,16.2949,46539
20111104T013218.270881,28,9,2.37078,-17.0401,1.46109,4.84945,17.2656,46541
20111104T013218.270882,46,10,3.06856,-16.0058,2.06622,4.90305,16.4271,46543
20111104T013218.270883,96,11,2.43767,-15.8303,1.91495,4.86391,16.1304,46545
20111104T013218.270890,156,21,2.42969,-17.1246,0.294333,4.85216,17.298,46560
20111104T013218.270892,1,23,2.69256,-17.2317,0.900986,4.86623,17.4635,46564
20111104T013218.270904,1,8,2.90898,-15.9901,1.49775,4.8936,16.3209,46591
20111104T013218.270905,67,9,2.45808,-17.078,1.46572,4.85416,17.3156,46593
20111104T013218.270906,81,11,2.5144,-15.8324,1.91673,4.86862,16.1444,46597
20111104T013218.270913,157,21,2.51612,-17.1525,0.295332,4.85687,17.338,46615
20111104T013218.270915,1,23,2.75545,-17.1045,0.894088,4.87094,17.3475,46618
20111104T013218.270927,132,8,3.02051,-16.0302,1.50376,4.89988,16.3809,46646
20111104T013218.270928,69,9,2.56945,-17.0898,1.46831,4.86044,17.3436,46648
20111104T013218.270929,117,11,2.62089,-15.8593,1.92233,4.8749,16.1884,46652
20111104T013218.270937,169,21,2.62744,-17.1601,0.295932,4.86315,17.362,46669
20111104T013218.270951,65,9,2.67831,-17.0831,1.46924,4.86673,17.3536,46701
20111104T013218.270953,115,11,2.72615,-15.8758,1.92665,4.88119,16.2224,46705
20111104T013218.270960,185,21,2.8112,-17.6231,0.308073,4.86943,17.848,46722
20111104T013218.270961,1,23,2.8386,-16.3072,0.848056,4.8835,16.5735,46726
20111104T013218.271120,22,9,2.79164,-17.1033,1.47276,4.87301,17.3916,46753
20111104T013218.271121,80,11,2.83207,-15.8935,1.93123,4.88747,16.2584,46757
20111104T013218.271128,181,21,2.92675,-17.6347,0.308823,4.87572,17.878,46772
20111104T013218.271166,1,9,2.81417,-15.9684,1.36907,4.88558,16.2716,46853
20111104T013218.271168,47,11,3.06635,-16.0399,1.95514,4.90003,16.4464,46856
20111104T013218.271190,1,9,2.9244,-16.0053,1.37426,4.89186,16.3276,46908
20111104T013218.271213,64,9,3.00964,-16.0442,1.37926,4.89657,16.3816,46961
