20111104T015123.732636,1,56,-6.52992,6.11128,1.52448,2.39157,9.07249,20013
20111104T015123.732660,1,56,-6.55719,6.07911,1.52413,2.39629,9.07049,20071
20111104T015123.732683,25,56,-6.54866,5.99532,1.51315,2.40257,9.00649,20132
20111104T015123.732706,1,56,-6.53787,5.91056,1.50182,2.40885,8.94049,20191
20111104T015123.732879,1,56,-6.54542,5.84319,1.49495,2.41514,8.90049,20252
20111104T015123.732902,1,56,-6.54498,5.76946,1.48637,2.42142,8.85049,20313
20111104T015123.732903,40,58,-6.7425,5.66285,1.96509,2.44532,9.0216,20317
20111104T015123.732925,1,56,-6.54238,5.69468,1.47744,2.4277,8.79849,20377
20111104T015123.732927,30,58,-6.71778,5.57071,1.94738,2.4516,8.9416,20381
20111104T015123.732949,1,56,-6.54073,5.63941,1.47091,2.43241,8.76049,20438
20111104T015123.732950,116,58,-6.72735,5.52542,1.94251,2.45631,8.9196,20442
20111104T015123.732972,1,56,-6.53695,5.56509,1.46199,2.4387,8.70849,20499
20111104T015123.732973,149,58,-6.69212,5.4267,1.92213,2.4626,8.8276,20503
20111104T015123.732995,1,56,-6.52645,5.48598,1.45169,2.44498,8.64849,20558
20111104T015123.732996,71,57,-6.53076,6.08605,1.47489,2.38915,9.0479,20560
20111104T015123.732997,104,58,-6.70473,5.36753,1.91593,2.46888,8.7996,20561
20111104T015123.733168,1,56,-6.53952,5.4273,1.44688,2.45126,8.62049,20618
20111104T015123.733168,28,57,-6.55005,6.02749,1.47055,2.39543,9.0219,20620
20111104T015123.733169,137,58,-6.72299,5.31324,1.9115,2.47516,8.7796,20622
20111104T015123.733191,1,56,-6.58418,5.39482,1.44928,2.45755,8.63449,20679
20111104T015123.733192,17,57,-6.65624,6.04871,1.48622,2.40172,9.1159,20681
20111104T015123.733214,1,56,-6.66553,5.39164,1.45993,2.46383,8.69649,20738
20111104T015123.733215,12,57,-6.79811,6.10051,1.50989,2.408,9.25791,20740
20111104T015123.733216,42,58,-6.93629,5.34104,1.95358,2.48773,8.9696,20742
20111104T015123.733238,1,56,-6.7494,5.40685,1.47298,2.46854,8.77249,20800
20111104T015123.733238,96,57,-6.88857,6.12357,1.52389,2.41271,9.3419,20802
20111104T015123.733239,55,58,-6.95672,5.30476,1.95225,2.49244,8.9636,20804
20111104T015123.733261,1,56,-6.85292,5.41917,1.48843,2.47483,8.86249,20859
20111104T015123.733262,46,57,-6.95057,6.10104,1.52922,2.41899,9.37391,20861
20111104T015123.733262,33,58,-7.07577,5.32525,1.97661,2.49872,9.0736,20863
20111104T015123.733263,53,59,-6.74315,5.66323,1.91434,2.44071,9.0114,20865
20111104T015123.733284,42,56,-7.00042,5.46424,1.51349,2.48111,9.00849,20916
20111104T015123.733285,52,57,-7.03042,6.0935,1.53855,2.42528,9.4299,20918
20111104T015123.733286,63,58,-7.16555,5.32242,1.99255,2.50501,9.1456,20920
20111104T015123.733286,159,59,-6.61056,5.48076,1.86594,2.44699,8.78741,20922
20111104T015123.733455,31,56,-7.07682,5.45252,1.52276,2.48739,9.06249,20978
20111104T015123.733455,29,57,-7.13735,6.10834,1.55388,2.43156,9.5219,20980
20111104T015123.733456,78,58,-7.18467,5.26695,1.98857,2.51129,9.1276,20981
20111104T015123.733457,254,59,-6.86807,5.62271,1.9299,2.45328,9.0834,20983
20111104T015123.733479,53,57,-7.21017,6.09272,1.56155,2.43784,9.56791,21040
20111104T015123.733479,77,58,-7.22553,5.2274,1.99078,2.51757,9.1376,21042
20111104T015123.733480,254,59,-6.88659,5.5659,1.92514,2.45956,9.0614,21044
20111104T015123.733501,1,56,-7.93874,5.95632,1.69546,2.49996,10.0685,21094
20111104T015123.733502,30,57,-7.29668,6.08783,1.57222,2.44413,9.6319,21096
20111104T015123.733503,59,58,-7.21849,5.15366,1.97971,2.52386,9.0876,21098
20111104T015123.733503,254,59,-6.89095,5.4981,1.9165,2.46584,9.0214,21100
20111104T015123.733525,10,56,-6.77873,5.04,1.43795,2.50467,8.56849,21153
20111104T015123.733526,33,58,-7.13581,5.0444,1.95004,2.52857,8.9536,21156
20111104T015123.733527,210,59,-6.72103,5.31014,1.86119,2.47056,8.7654,21158
20111104T015123.733548,20,56,-6.85641,5.03101,1.44791,2.51095,8.62649,21213
20111104T015123.733549,1,57,-7.4547,6.08223,1.59222,2.45512,9.75191,21215
20111104T015123.733549,1,58,-7.07444,4.93497,1.92435,2.53485,8.8376,21217
20111104T015123.733550,41,59,-6.72813,5.24733,1.85384,2.47684,8.7314,21219
20111104T015123.733571,12,56,-7.85663,5.68581,1.65598,2.51724,9.83849,21272
20111104T015123.733572,1,57,-7.4943,6.03651,1.59255,2.46141,9.75391,21274
20111104T015123.733573,1,58,-6.72071,4.62705,1.8185,2.54114,8.3596,21275
20111104T015123.733746,1,56,-6.98653,4.9924,1.46233,2.52352,8.71049,21329
20111104T015123.733746,1,57,-6.71693,5.3383,1.41622,2.46769,8.6959,21331
20111104T015123.733747,13,58,-6.79167,4.61312,1.83001,2.54742,8.4116,21332
20111104T015123.733748,32,59,-7.13652,5.42429,1.94934,2.48941,9.1734,21333
20111104T015123.733769,1,56,-7.03228,4.95859,1.46542,2.5298,8.72849,21388
20111104T015123.733770,127,57,-6.94082,5.44617,1.45722,2.47397,8.94191,21390
20111104T015123.733770,1,58,-6.61441,4.43298,1.77377,2.5537,8.1576,21391
20111104T015123.733771,8,59,-7.13616,5.35349,1.93984,2.49569,9.12941,21393
20111104T015123.733792,26,56,-7.11028,4.94683,1.47538,2.53609,8.78649,21445
20111104T015123.733793,97,57,-7.00136,5.42304,1.46289,2.48026,8.97591,21447
20111104T015123.733794,15,58,-6.5525,4.3324,1.74941,2.55999,8.0476,21449
20111104T015123.733794,1,59,-7.12422,5.27474,1.92731,2.50197,9.0714,21451
20111104T015123.733797,36,62,-6.77001,5.67661,1.85532,2.44612,9.02761,21456
20111104T015123.733816,1,56,-7.86525,5.39657,1.62817,2.54237,9.67649,21504
20111104T015123.733816,60,57,-7.00558,5.35611,1.45655,2.48654,8.93791,21506
20111104T015123.733817,57,58,-6.54196,4.26674,1.73922,2.56627,8.0016,21508
20111104T015123.733818,1,59,-7.13833,5.21601,1.92212,2.50826,9.0474,21510
20111104T015123.733818,52,60,-6.99946,6.03735,1.46203,2.43206,9.35831,21511
20111104T015123.733820,49,62,-6.53084,5.40761,1.77919,2.4524,8.66361,21515
20111104T015123.733839,16,56,-7.7192,5.24357,1.59212,2.54708,9.46649,21563
20111104T015123.733840,88,57,-6.96639,5.27409,1.44289,2.49125,8.8559,21565
20111104T015123.733840,53,58,-7.1102,4.58772,1.88715,2.57098,8.6696,21567
20111104T015123.733841,1,59,-6.8343,4.94347,1.83224,2.51297,8.6314,21569
20111104T015123.733842,41,60,-7.08949,6.05674,1.47513,2.43677,9.44031,21570
20111104T015123.733843,229,62,-6.78202,5.56102,1.84152,2.45711,8.96161,21574
20111104T015123.733844,89,63,-6.5634,5.97791,1.78449,2.40055,9.05519,21576
20111104T015123.733862,80,56,-7.6307,5.11406,1.56671,2.55337,9.31849,21625
20111104T015123.733863,92,57,-6.95997,5.20061,1.43455,2.49753,8.80591,21627
20111104T015123.733864,63,58,-7.16361,4.55861,1.89379,2.57726,8.6996,21629
20111104T015123.733864,28,59,-6.48126,4.62495,1.72766,2.51925,8.1474,21630
20111104T015123.733865,62,60,-7.16218,6.04128,1.48248,2.44306,9.48631,21631
20111104T015123.733867,226,62,-6.67367,5.40296,1.8022,2.4634,8.77361,21635
20111104T015123.733867,49,63,-6.63282,5.96545,1.79332,2.40684,9.09919,21636
20111104T015123.734032,85,56,-7.61001,5.03136,1.55572,2.55965,9.25449,21679
20111104T015123.734032,48,57,-6.86576,5.06285,1.40789,2.50382,8.6459,21681
20111104T015123.734033,36,58,-7.20203,4.5197,1.89645,2.58355,8.7116,21683
20111104T015123.734034,33,59,-7.0457,4.96326,1.87286,2.52553,8.8194,21684
20111104T015123.734035,85,60,-7.26231,6.04783,1.49558,2.44934,9.56831,21685
20111104T015123.734036,254,62,-6.84524,5.47049,1.83985,2.46968,8.95361,21688
20111104T015123.734037,189,63,-6.52543,5.79452,1.75359,2.41312,8.90119,21690
20111104T015123.734055,92,56,-7.62825,4.97486,1.55297,2.56593,9.23849,21736
20111104T015123.734056,69,57,-6.91654,5.03358,1.41189,2.5101,8.6699,21737
20111104T015123.734056,17,58,-7.25686,4.49072,1.90353,2.58983,8.7436,21739
20111104T015123.734057,1,59,-6.51005,4.52301,1.71988,2.53182,8.1114,21741
20111104T015123.734058,87,60,-7.37961,6.06711,1.5122,2.45562,9.67231,21742
20111104T015123.734059,234,62,-6.69796,5.28486,1.79049,2.47596,8.71761,21746
20111104T015123.734060,37,63,-6.61316,5.79874,1.76764,2.4194,8.97119,21748
20111104T015123.734078,85,56,-7.64442,4.91728,1.54988,2.57221,9.22049,21795
20111104T015123.734079,116,57,-7.00239,5.02926,1.42322,2.51638,8.7379,21797
20111104T015123.734080,13,58,-7.22158,4.40658,1.8867,2.59611,8.6676,21799
20111104T015123.734080,189,59,-6.4885,4.44766,1.70648,2.5381,8.0494,21800
20111104T015123.734081,101,60,-7.46518,6.05909,1.5221,2.46191,9.73431,21801
20111104T015123.734083,64,63,-6.53564,5.65806,1.73673,2.42569,8.81719,21806
20111104T015123.734102,72,56,-7.65518,4.85653,1.54576,2.5785,9.19649,21852
20111104T015123.734102,59,57,-7.09007,5.02521,1.43489,2.52267,8.80791,21854
20111104T015123.734103,69,58,-7.22402,4.3461,1.88006,2.6024,8.6376,21855
20111104T015123.734104,161,59,-6.61805,4.47599,1.73371,2.54438,8.1754,21857
20111104T015123.734104,66,60,-7.54941,6.04901,1.53169,2.46819,9.79431,21858
20111104T015123.734107,67,63,-6.53836,5.5888,1.7279,2.43197,8.77319,21863
20111104T015123.734125,54,56,-7.68967,4.82771,1.54817,2.58321,9.21049,21911
20111104T015123.734126,58,57,-7.0621,4.95537,1.42422,2.52738,8.74391,21913
20111104T015123.734126,44,58,-7.20917,4.29115,1.87076,2.60711,8.5956,21915
20111104T015123.734128,76,60,-7.6305,6.05498,1.54255,2.4729,9.86231,21918
20111104T015123.734129,4,62,-6.81789,5.19078,1.79843,2.49324,8.75561,21922
20111104T015123.734130,56,63,-6.52284,5.52238,1.71666,2.43668,8.71719,21924
20111104T015123.734149,63,57,-7.18051,4.97173,1.44222,2.53366,8.8519,21974
20111104T015123.734150,7,58,-7.25958,4.25953,1.87696,2.61339,8.6236,21975
20111104T015123.734150,101,59,-6.59203,4.35326,1.71383,2.55538,8.0834,21977
20111104T015123.734151,85,60,-7.72599,6.05184,1.55437,2.47918,9.93631,21979
20111104T015123.734153,1,62,-6.77676,5.09279,1.77877,2.49953,8.66161,21982
20111104T015123.734153,65,63,-6.5304,5.4586,1.70943,2.44297,8.68119,21984
20111104T015123.734321,1,56,-6.97171,4.25815,1.38954,2.59578,8.28649,22029
20111104T015123.734321,46,57,-7.68307,5.2502,1.53888,2.53995,9.4319,22031
20111104T015123.734322,1,58,-7.30818,4.22647,1.88272,2.61968,8.6496,22033
20111104T015123.734324,155,60,-6.97855,5.39856,1.39397,2.48547,8.93231,22036
20111104T015123.734325,1,62,-6.53166,4.84571,1.70515,2.50581,8.30961,22039
20111104T015123.734326,49,63,-6.52686,5.38619,1.6994,2.44925,8.63119,22040
20111104T015123.734326,1,0,-8.00553,5.34561,1.03598,2.55496,9.6808,22041
20111104T015123.734337,1,14,-9.04009,5.83033,0.803421,2.57067,10.7862,22067
20111104T015123.734344,1,56,-7.03044,4.2335,1.39607,2.60206,8.32449,22085
20111104T015123.734345,45,57,-7.59019,5.11667,1.51322,2.54623,9.27791,22087
20111104T015123.734345,1,58,-7.43809,4.23913,1.90973,2.62596,8.7716,22088
20111104T015123.734346,84,59,-7.47122,4.80314,1.93119,2.56795,9.08941,22090
20111104T015123.734347,105,60,-6.96675,5.31996,1.3847,2.49175,8.87431,22091
20111104T015123.734348,13,62,-6.50665,4.76428,1.69051,2.51209,8.23961,22094
20111104T015123.734349,39,63,-6.51813,5.31033,1.68816,2.45553,8.57519,22096
20111104T015123.734350,163,0,-8.07881,5.32133,1.0418,2.56124,9.7288,22097
20111104T015123.734351,15,34,-6.50097,6.0048,1.69429,2.39815,9.01052,22102
20111104T015123.734367,1,56,-7.12817,4.23131,1.41049,2.60834,8.40849,22141
20111104T015123.734368,145,57,-7.7222,5.13571,1.53355,2.55251,9.39991,22143
20111104T015123.734369,1,58,-7.52928,4.22845,1.92656,2.63224,8.8476,22145
20111104T015123.734370,87,60,-6.99056,5.26897,1.38279,2.49803,8.86231,22148
20111104T015123.734372,69,62,-6.50787,4.70276,1.68298,2.51838,8.20361,22152
20111104T015123.734372,9,63,-6.54679,5.26557,1.68696,2.46182,8.56919,22154
20111104T015123.734373,88,0,-8.13542,5.28555,1.04519,2.56753,9.7568,22155
20111104T015123.734375,53,34,-6.52404,5.95064,1.69046,2.40443,8.99051,22160
20111104T015123.734391,1,56,-7.24487,4.23895,1.42868,2.61463,8.51449,22200
20111104T015123.734391,97,57,-7.78231,5.10554,1.53922,2.55879,9.4339,22202
20111104T015123.734392,1,58,-7.70778,4.26475,1.96598,2.63853,9.0256,22203
20111104T015123.734393,50,59,-7.23008,4.51976,1.85255,2.58051,8.7254,22205
20111104T015123.734393,112,60,-7.01559,5.21907,1.38119,2.50432,8.85231,22207
20111104T015123.734395,97,62,-6.49103,4.62896,1.67085,2.52466,8.14561,22211
20111104T015123.734396,1,63,-6.52462,5.18034,1.67251,2.4681,8.49719,22213
20111104T015123.734396,109,0,-8.11007,5.21505,1.03792,2.57224,9.6968,22214
20111104T015123.734398,62,34,-6.49217,5.86602,1.67474,2.40914,8.90851,22219
20111104T015123.734409,74,49,-7.15597,5.93821,2.37106,2.44674,9.59638,22246
20111104T015123.734414,1,56,-7.30917,4.23032,1.43761,2.61934,8.56649,22259
20111104T015123.734415,119,57,-7.80298,5.06666,1.53855,2.56351,9.4299,22261
20111104T015123.734415,74,58,-7.75691,4.24423,1.97351,2.64324,9.0596,22262
20111104T015123.734416,14,59,-7.2712,4.49802,1.85773,2.58522,8.7494,22263
20111104T015123.734417,59,60,-7.0624,5.2023,1.38566,2.50903,8.88031,22265
20111104T015123.734418,51,62,-6.48236,4.57697,1.66291,2.52937,8.10761,22269
20111104T015123.734419,1,63,-6.50899,5.11795,1.66207,2.47281,8.44519,22271
20111104T015123.734420,105,0,-8.11079,5.14386,1.03332,2.57852,9.6588,22272
20111104T015123.734421,76,34,-6.48633,5.78731,1.66362,2.41543,8.85052,22277
20111104T015123.734424,1,6,-8.21468,5.92537,1.33985,2.51871,10.216,22284
20111104T015123.734432,153,49,-7.15128,5.85868,2.35703,2.45302,9.54038,22305
20111104T015123.734437,1,56,-7.39901,4.22028,1.45031,2.62562,8.64049,22318
20111104T015123.734438,91,57,-7.85456,5.03033,1.54255,2.56979,9.45391,22320
20111104T015123.734439,36,58,-7.80405,4.20646,1.97882,2.64952,9.0836,22321
20111104T015123.734439,1,59,-7.25603,4.4257,1.8465,2.59151,8.6974,22322
20111104T015123.734440,32,60,-8.1411,5.91464,1.59463,2.51531,10.1883,22324
20111104T015123.734442,65,62,-6.47241,4.50941,1.65287,2.53565,8.05961,22328
20111104T015123.734442,1,63,-6.51784,5.05887,1.65605,2.47909,8.41519,22329
20111104T015123.734592,45,0,-8.07047,5.04768,1.0229,2.58481,9.5728,22330
20111104T015123.734594,59,34,-6.49453,5.72186,1.65634,2.42171,8.81252,22335
20111104T015123.734597,80,6,-7.55102,5.37697,1.21442,2.525,9.348,22342
20111104T015123.734602,27,45,-7.14209,4.50737,2.29704,2.57621,8.75218,22354
20111104T015123.734605,118,49,-7.17442,5.80264,2.35252,2.45931,9.52238,22362
20111104T015123.734610,1,56,-7.48042,4.20447,1.4613,2.63191,8.70449,22374
20111104T015123.734610,87,57,-7.89434,4.98617,1.54422,2.57607,9.46391,22376
20111104T015123.734611,5,58,-8.13043,4.31579,2.05589,2.6558,9.4316,22377
20111104T015123.734612,55,59,-7.27033,4.37194,1.84304,2.59779,8.68141,22379
20111104T015123.734613,124,60,-6.97778,5.00646,1.35595,2.5216,8.69431,22381
20111104T015123.734614,67,62,-6.47639,4.4521,1.64659,2.54194,8.02961,22385
20111104T015123.734615,47,63,-6.50293,4.98196,1.64401,2.48538,8.35519,22386
20111104T015123.734615,76,0,-8.16632,5.03634,1.03211,2.59109,9.6488,22387
20111104T015123.734616,1,1,-8.96743,5.94457,1.1136,2.55431,10.8154,22389
20111104T015123.734617,94,34,-6.51106,5.66423,1.65135,2.42799,8.78652,22391
20111104T015123.734620,85,6,-7.56033,5.31241,1.21008,2.53128,9.318,22398
20111104T015123.734625,66,45,-7.12287,4.43275,2.28161,2.58249,8.69418,22410
20111104T015123.734626,1,15,-8.96416,5.77159,0.740663,2.56764,10.6863,22413
20111104T015123.734633,1,56,-7.59298,4.20491,1.47847,2.63819,8.80449,22431
20111104T015123.734634,143,57,-7.91715,4.93124,1.54255,2.58236,9.45391,22433
20111104T015123.734634,1,58,-8.46367,4.42388,2.13428,2.66209,9.7856,22435
20111104T015123.734635,67,59,-7.27752,4.31418,1.83785,2.60407,8.6574,22437
20111104T015123.734636,104,60,-7.0672,5.00345,1.36745,2.52788,8.76631,22439
20111104T015123.734637,43,62,-6.46695,4.38617,1.63697,2.54822,7.98361,22442
20111104T015123.734638,43,63,-6.48263,4.90188,1.63076,2.49166,8.28919,22444
20111104T015123.734639,105,0,-8.26235,5.02399,1.04131,2.59737,9.7248,22445
20111104T015123.734640,33,1,-8.22245,5.37454,1.00468,2.56059,9.87342,22447
20111104T015123.734640,62,34,-6.4943,5.57857,1.63793,2.43428,8.71651,22450
20111104T015123.734643,61,6,-7.56261,5.24344,1.20459,2.53756,9.28,22457
20111104T015123.734648,78,45,-7.11613,4.36665,2.27043,2.58878,8.65218,22470
20111104T015123.734656,1,56,-7.66601,4.18249,1.48774,2.64447,8.85849,22490
20111104T015123.734657,85,57,-7.95637,4.88657,1.54422,2.58864,9.46391,22492
20111104T015123.734658,43,59,-7.26071,4.24265,1.82662,2.61036,8.6054,22496
20111104T015123.734659,141,60,-7.68049,5.36348,1.48216,2.53416,9.48431,22498
20111104T015123.734660,29,61,-7.73217,6.03273,1.4638,2.47696,9.91572,22500
20111104T015123.734661,55,62,-6.46832,4.32811,1.63028,2.5545,7.95161,22502
20111104T015123.734661,14,63,-6.5039,4.85399,1.62835,2.49794,8.27719,22504
20111104T015123.734662,76,0,-8.37729,5.02182,1.05319,2.60366,9.8228,22505
20111104T015123.734663,89,1,-8.33276,5.37245,1.01532,2.56687,9.96542,22507
20111104T015123.734664,78,34,-6.50372,5.51613,1.63142,2.44056,8.68252,22510
20111104T015123.734666,77,6,-7.57741,5.18357,1.20141,2.54385,9.258,22516
20111104T015123.734672,120,45,-7.12201,4.30883,2.26351,2.59506,8.62618,22527
20111104T015123.734674,62,49,-7.44575,5.79397,2.40612,2.47816,9.73638,22534
20111104T015123.734680,1,56,-7.7825,4.18254,1.50559,2.65075,8.96249,22546
20111104T015123.734680,130,57,-8.01219,4.85186,1.54922,2.59492,9.49391,22548
20111104T015123.734682,48,60,-7.17185,4.94328,1.37576,2.54045,8.81831,22553
20111104T015123.734683,108,61,-7.75428,5.97193,1.46078,2.48324,9.89572,22555
20111104T015123.734684,12,62,-6.46759,4.26914,1.62317,2.56079,7.91761,22557
20111104T015123.734685,47,63,-6.48545,4.77689,1.61591,2.50423,8.21519,22559
20111104T015123.734685,86,0,-9.03856,5.35869,1.14356,2.60837,10.5688,22560
20111104T015123.734686,49,1,-8.41485,5.36957,1.02318,2.57159,10.0334,22562
20111104T015123.734687,77,34,-6.48747,5.45017,1.62068,2.44527,8.62652,22565
20111104T015123.734688,1,35,-6.52813,6.10221,1.62895,2.38763,9.08325,22567
20111104T015123.734690,71,6,-7.56401,5.12237,1.19477,2.54856,9.212,22572
20111104T015123.734695,105,45,-7.12076,4.26229,2.25659,2.59977,8.60018,22585
20111104T015123.734697,1,48,-6.82505,4.69348,2.18494,2.54164,8.56636,22590
20111104T015123.734698,66,49,-7.49441,5.77541,2.41313,2.48287,9.76438,22592
20111104T015123.734703,1,56,-7.89097,4.19276,1.5231,2.65547,9.06449,22605
20111104T015123.734705,1,59,-7.48992,4.26739,1.87329,2.62135,8.8214,22609
20111104T015123.734706,84,60,-7.24244,4.94159,1.38502,2.54516,8.87631,22611
20111104T015123.734707,32,61,-7.21573,5.50133,1.35178,2.48796,9.17372,22613
20111104T015123.734707,1,62,-6.50404,4.24927,1.62735,2.5655,7.93761,22614
20111104T015123.734708,68,63,-6.48735,4.73121,1.61069,2.50894,8.18919,22616
20111104T015123.734709,60,0,-9.04117,5.28383,1.1392,2.61465,10.5328,22617
20111104T015123.734709,111,1,-8.5307,5.36861,1.03451,2.57787,10.1314,22619
20111104T015123.734710,75,34,-6.49586,5.38806,1.61417,2.45155,8.59251,22622
20111104T015123.734711,43,35,-6.52453,6.02231,1.61834,2.39391,9.02525,22624
20111104T015123.734713,93,6,-7.58616,5.06817,1.19303,2.55484,9.2,22629
20111104T015123.734714,46,7,-8.21627,5.92047,1.28843,2.51518,10.2078,22631
20111104T015123.734721,65,49,-7.54747,5.74114,2.41864,2.48915,9.78638,22649
20111104T015123.734726,1,56,-8.0063,4.18949,1.54061,2.66175,9.16649,22663
20111104T015123.734728,10,59,-7.5574,4.24329,1.88366,2.62764,8.8694,22668
20111104T015123.734729,70,60,-8.21819,5.52882,1.56907,2.55144,10.0283,22670
20111104T015123.734730,126,61,-7.19968,5.41773,1.34212,2.49424,9.10972,22672
20111104T015123.734731,1,62,-6.5866,4.2442,1.64157,2.57178,8.00561,22673
20111104T015123.734731,66,63,-6.4852,4.66739,1.60266,2.51522,8.14919,22675
20111104T015123.734891,45,0,-8.89852,5.12618,1.11449,2.62093,10.3288,22676
20111104T015123.734893,81,34,-6.48393,5.30994,1.60266,2.45784,8.53251,22679
20111104T015123.734893,13,35,-6.51148,5.93472,1.60553,2.40019,8.95525,22681
20111104T015123.734896,42,6,-7.66253,5.04971,1.20083,2.56112,9.254,22686
20111104T015123.734896,39,7,-7.62959,5.42333,1.18038,2.52146,9.43382,22688
20111104T015123.734909,1,56,-8.1026,4.17504,1.55435,2.66803,9.24649,22715
20111104T015123.734909,8,57,-7.27782,4.23468,1.38922,2.6122,8.53391,22717
20111104T015123.734911,33,59,-7.67776,4.24793,1.90743,2.63392,8.9794,22721
20111104T015123.734912,147,60,-7.83767,5.20281,1.48855,2.55772,9.52431,22723
20111104T015123.734912,158,61,-7.26369,5.39485,1.34786,2.50052,9.14772,22725
20111104T015123.734913,40,62,-6.75863,4.29466,1.67838,2.57807,8.18161,22726
20111104T015123.734914,53,63,-6.47772,4.60036,1.59343,2.52151,8.10319,22728
20111104T015123.734915,40,1,-8.25901,5.05292,0.988264,2.59044,9.73142,22730
20111104T015123.734916,85,34,-6.4774,5.2371,1.5927,2.46412,8.48052,22732
20111104T015123.734917,44,35,-6.51364,5.86204,1.59675,2.40648,8.90725,22733
20111104T015123.734919,36,6,-7.97991,5.18634,1.25054,2.56741,9.598,22738
20111104T015123.734920,73,7,-7.69427,5.39696,1.18569,2.52775,9.47182,22740
20111104T015123.734924,1,45,-7.42698,4.25827,2.32898,2.61862,8.87218,22751
20111104T015123.734925,1,14,-8.8635,4.84994,0.746207,2.64293,10.1302,22752
20111104T015123.734929,168,52,-7.06347,5.90992,2.25742,2.44709,9.4823,22764
20111104T015123.734932,1,56,-8.19552,4.15778,1.5674,2.67432,9.32249,22771
20111104T015123.734933,6,57,-7.36407,4.22335,1.40089,2.61849,8.6039,22773
20111104T015123.734934,10,59,-7.76595,4.2334,1.92298,2.6402,9.0514,22777
20111104T015123.734935,184,60,-7.79411,5.10388,1.47385,2.56401,9.43231,22779
20111104T015123.734936,41,61,-7.25128,5.3151,1.3391,2.50681,9.08972,22781
20111104T015123.734936,31,62,-7.64863,4.78995,1.8959,2.58435,9.22161,22782
20111104T015123.734937,64,63,-6.47927,4.54038,1.58661,2.52779,8.06919,22784
20111104T015123.734938,1,0,-8.87204,4.96373,1.10189,2.6335,10.2248,22785
20111104T015123.734939,30,1,-8.35855,5.04212,0.997514,2.59672,9.81142,22787
20111104T015123.734939,86,34,-6.48866,5.17921,1.58733,2.4704,8.45251,22789
20111104T015123.734940,26,35,-6.52394,5.79743,1.59017,2.41276,8.87125,22791
20111104T015123.734941,99,4,-8.96345,5.92698,1.06983,2.55925,10.798,22792
20111104T015123.734942,36,6,-7.73873,4.96153,1.20315,2.57369,9.27,22796
20111104T015123.734943,142,7,-7.77681,5.38243,1.19406,2.53403,9.53182,22798
20111104T015123.734948,1,14,-8.84464,4.76778,0.741323,2.64921,10.0742,22810
20111104T015123.734952,147,52,-7.17092,5.92336,2.28012,2.45337,9.5763,22822
20111104T015123.734955,1,56,-8.33265,4.16142,1.58903,2.6806,9.44849,22830
20111104T015123.734956,1,57,-7.47276,4.22377,1.41689,2.62477,8.69991,22832
20111104T015123.734957,31,59,-7.88346,4.23369,1.94589,2.64649,9.1574,22835
20111104T015123.734958,182,60,-7.79614,5.03559,1.4681,2.57029,9.39631,22837
20111104T015123.734959,84,61,-7.23815,5.23573,1.33034,2.51309,9.03172,22839
20111104T015123.734960,71,63,-6.46424,4.46939,1.57577,2.53407,8.01519,22841
20111104T015123.734961,49,0,-8.88565,4.89834,1.09947,2.63978,10.2048,22842
20111104T015123.734962,41,1,-8.46681,5.03536,1.00792,2.603,9.90142,22844
20111104T015123.734963,77,34,-6.47164,5.09959,1.57506,2.47669,8.38852,22847
20111104T015123.734963,55,35,-6.49092,5.69521,1.57297,2.41904,8.77725,22849
20111104T015123.734965,40,6,-8.14161,5.14679,1.26731,2.57997,9.714,22853
20111104T015123.734966,38,7,-7.77945,5.31217,1.18876,2.54031,9.49382,22855
20111104T015123.734971,1,14,-8.85328,4.70095,0.73923,2.6555,10.0502,22866
20111104T015123.734976,141,52,-7.1643,5.84271,2.26611,2.45965,9.5183,22877
20111104T015123.734979,1,56,-8.44537,4.15139,1.60585,2.68688,9.54649,22884
20111104T015123.734979,1,57,-7.58346,4.22395,1.43322,2.63105,8.7979,22886
20111104T015123.734981,7,59,-8.40644,4.44817,2.07034,2.65277,9.7334,22890
20111104T015123.734981,185,60,-7.83096,4.98862,1.46874,2.57657,9.40031,22892
20111104T015123.734982,96,61,-7.23556,5.16479,1.3237,2.51937,8.98772,22894
20111104T015123.734983,1,62,-6.94042,4.22833,1.7039,2.59692,8.30361,22895
20111104T015123.734984,42,63,-6.46796,4.41206,1.56975,2.54036,7.98519,22897
20111104T015123.734985,33,1,-9.10609,5.35933,1.09117,2.60771,10.6214,22899
20111104T015123.734986,66,34,-6.47699,5.05459,1.57046,2.4814,8.36452,22902
20111104T015123.734987,29,35,-6.50732,5.6555,1.5704,2.42376,8.76325,22904
20111104T015123.734987,102,4,-8.3209,5.37345,0.975284,2.57025,9.95204,22905
20111104T015123.734989,107,6,-8.23297,5.15021,1.27887,2.58469,9.794,22909
20111104T015123.734989,78,7,-7.75197,5.23985,1.17983,2.54503,9.42982,22911
20111104T015123.734995,1,14,-8.79763,4.61859,0.731555,2.66021,9.9622,22922
20111104T015123.734999,74,52,-7.15999,5.78334,2.25597,2.46437,9.4763,22934
20111104T015123.735002,1,56,-8.55354,4.15439,1.62302,2.6916,9.64649,22941
20111104T015123.735003,1,57,-7.6326,4.20441,1.43889,2.63576,8.83191,22943
20111104T015123.735004,1,59,-8.52237,4.45849,2.09411,2.65748,9.8434,22946
20111104T015123.735005,179,60,-7.83431,4.93907,1.46491,2.58129,9.37631,22948
20111104T015123.735006,57,61,-7.1631,5.06196,1.30558,2.52408,8.86772,22950
20111104T015123.735006,9,62,-7.19344,4.33533,1.76204,2.60163,8.58161,22951
20111104T015123.735007,70,63,-6.45626,4.35952,1.56172,2.54507,7.94519,22952
20111104T015123.735008,1,0,-8.85493,4.75543,1.08784,2.65078,10.1088,22953
20111104T015123.735008,31,1,-8.89756,5.16099,1.05856,2.614,10.3394,22955
20111104T015123.735009,71,34,-6.46656,4.98155,1.56011,2.48768,8.31052,22958
20111104T015123.735010,42,35,-6.49805,5.57599,1.55943,2.43004,8.70325,22960
20111104T015123.735011,178,4,-8.99737,5.72866,1.06089,2.57653,10.718,22961
20111104T015123.735012,46,6,-8.19602,5.05592,1.26702,2.59097,9.712,22964
20111104T015123.735013,73,7,-7.64818,5.09955,1.15665,2.55131,9.26382,22966
20111104T015123.735015,1,10,-8.21327,5.94555,1.23294,2.51701,10.2131,22972
20111104T015123.735019,131,48,-7.07037,4.43259,2.20151,2.58405,8.63036,22982
20111104T015123.735025,1,56,-8.90335,4.25451,1.68551,2.69788,10.0105,22997
20111104T015123.735026,23,57,-7.74196,4.20171,1.45489,2.64205,8.92791,22999
20111104T015123.735027,1,59,-8.64038,4.45155,2.11658,2.66376,9.9474,23002
20111104T015123.735028,186,60,-7.91052,4.9178,1.47353,2.58757,9.43031,23004
20111104T015123.735029,80,61,-7.21419,5.03046,1.30921,2.53037,8.89172,23006
20111104T015123.735030,26,62,-7.34177,4.36168,1.79216,2.60791,8.72561,23007
20111104T015123.735030,63,63,-6.44445,4.29269,1.55209,2.55135,7.89719,23009
20111104T015123.735166,126,0,-9.06734,4.79587,1.11303,2.65706,10.3168,23010
20111104T015123.735167,17,1,-10.0565,5.75202,1.2098,2.62028,11.6474,23012
20111104T015123.735168,79,34,-6.48208,4.92898,1.55628,2.49397,8.29051,23015
20111104T015123.735168,24,35,-6.49103,5.49936,1.54918,2.43632,8.64725,23017
20111104T015123.735169,40,4,-8.55291,5.37172,0.997189,2.58281,10.148,23018
20111104T015123.735171,68,6,-8.2327,5.0074,1.26788,2.59725,9.718,23022
20111104T015123.735171,39,7,-7.68502,5.05467,1.15749,2.55759,9.26982,23024
20111104T015123.735173,69,10,-8.26661,5.90531,1.23562,2.5233,10.2331,23030
20111104T015123.735176,54,14,-8.82831,4.49417,0.728938,2.67277,9.9322,23038
20111104T015123.735178,95,48,-7.10796,4.39415,2.20461,2.59033,8.64236,23042
20111104T015123.735181,54,52,-7.40625,5.82938,2.31103,2.47693,9.7043,23049
20111104T015123.735184,1,56,-8.87636,4.17345,1.67521,2.70416,9.95049,23055
20111104T015123.735184,1,57,-7.85853,4.20154,1.47222,2.64833,9.03191,23057
20111104T015123.735186,1,59,-8.74472,4.43621,2.13559,2.67005,10.0354,23061
20111104T015123.735187,186,60,-7.9716,4.8865,1.47928,2.59385,9.46631,23062
20111104T015123.735187,90,61,-7.30583,5.02664,1.32038,2.53665,8.96572,23064
20111104T015123.735188,41,62,-7.33185,4.29381,1.78296,2.61419,8.68161,23065
20111104T015123.735189,85,0,-9.06204,4.72053,1.10819,2.66335,10.2768,23067
20111104T015123.735190,1,1,-10.0768,5.67992,1.20772,2.62656,11.6294,23069
20111104T015123.735191,80,34,-6.46573,4.85293,1.54477,2.50025,8.23052,23072
20111104T015123.735192,48,35,-6.48633,5.42557,1.53967,2.44261,8.59525,23073
20111104T015123.735192,93,4,-8.5645,5.30432,0.994283,2.58909,10.122,23074
20111104T015123.735194,95,6,-8.22662,4.93326,1.26153,2.60354,9.674,23078
20111104T015123.735195,66,7,-7.77967,5.04738,1.1681,2.56387,9.34582,23080
20111104T015123.735197,58,10,-8.20298,5.78266,1.219,2.52958,10.1091,23086
20111104T015123.735201,76,48,-7.10239,4.32937,2.19426,2.59661,8.60236,23098
20111104T015123.735202,94,49,-6.83132,4.68651,2.10857,2.53785,8.54838,23100
20111104T015123.735204,56,52,-7.4151,5.76136,2.30234,2.48321,9.6683,23106
20111104T015123.735207,1,56,-8.88272,4.10854,1.67143,2.71044,9.92849,23113
20111104T015123.735208,1,57,-7.94403,4.18346,1.48355,2.65461,9.09991,23115
20111104T015123.735210,180,60,-8.03767,4.85769,1.48599,2.60014,9.50831,23120
20111104T015123.735211,68,61,-7.34707,4.98732,1.32219,2.54293,8.97772,23122
20111104T015123.735211,12,62,-7.34003,4.23695,1.77836,2.62048,8.65961,23123
20111104T015123.735212,1,63,-6.57175,4.25952,1.57015,2.56392,7.98719,23125
20111104T015123.735213,73,0,-8.90762,4.56963,1.08299,2.66963,10.0688,23126
20111104T015123.735214,1,1,-8.88569,4.93238,1.04423,2.63285,10.2154,23128
20111104T015123.735214,73,34,-6.46765,4.79124,1.53787,2.50653,8.19452,23131
20111104T015123.735215,40,35,-6.49154,5.36085,1.53271,2.44889,8.55725,23132
20111104T015123.735216,40,4,-8.30216,5.07076,0.95539,2.59538,9.77404,23133
20111104T015123.735216,1,5,-8.89942,5.8773,0.987775,2.55602,10.7097,23135
20111104T015123.735217,61,6,-8.22163,4.8604,1.25546,2.60982,9.632,23137
20111104T015123.735218,49,7,-7.82123,5.00483,1.16978,2.57016,9.35782,23139
20111104T015123.735220,36,10,-7.91165,5.50419,1.16509,2.53586,9.70713,23145
20111104T015123.735224,109,48,-7.10457,4.2698,2.18649,2.6029,8.57236,23157
20111104T015123.735225,128,49,-6.87664,4.65439,2.11358,2.54413,8.56838,23159
20111104T015123.735227,39,52,-6.80635,5.22234,2.10044,2.4895,8.8323,23165
20111104T015123.735230,72,56,-9.1507,4.16228,1.71778,2.71673,10.1985,23172
20111104T015123.735231,1,57,-8.04709,4.17359,1.49822,2.6609,9.18791,23174
20111104T015123.735233,186,60,-8.07993,4.81414,1.48823,2.60642,9.52231,23178
20111104T015123.735234,64,61,-7.40942,4.96203,1.32793,2.54922,9.01572,23180
20111104T015123.735235,32,62,-7.55205,4.29572,1.82395,2.62676,8.87761,23182
20111104T015123.735235,19,63,-6.64947,4.25099,1.58259,2.5702,8.04919,23184
20111104T015123.735236,108,0,-9.09049,4.59113,1.10407,2.67591,10.2428,23185
20111104T015123.735237,1,1,-8.90432,4.86975,1.04261,2.63913,10.2014,23187
20111104T015123.735238,71,34,-6.45794,4.72165,1.52829,2.51281,8.14452,23190
20111104T015123.735238,12,35,-6.48555,5.28756,1.5232,2.45517,8.50525,23192
20111104T015123.735239,100,4,-8.37818,5.04506,0.961202,2.60166,9.82604,23193
20111104T015123.735240,75,6,-8.21605,4.7878,1.24939,2.6161,9.59,23196
20111104T015123.735241,110,7,-7.93113,5.00543,1.1829,2.57644,9.45182,23198
20111104T015123.735243,49,10,-7.89862,5.42194,1.15731,2.54215,9.64913,23203
20111104T015123.735248,61,49,-6.96201,4.64886,2.13112,2.55041,8.63838,23214
20111104T015123.735251,22,52,-6.79873,5.1491,2.08789,2.49578,8.7803,23220
20111104T015123.735251,35,53,-6.93093,5.85989,2.12546,2.43749,9.32159,23222
20111104T015123.735254,78,56,-9.30269,4.16077,1.74182,2.72301,10.3385,23227
20111104T015123.735254,1,57,-8.17665,4.17609,1.51789,2.66718,9.30591,23229
20111104T015123.735256,179,60,-8.11854,4.76826,1.48983,2.6127,9.53231,23233
20111104T015123.735257,50,61,-8.16189,5.39435,1.46017,2.5555,9.89172,23235
20111104T015123.735258,1,62,-7.59256,4.2558,1.8273,2.63304,8.89361,23237
20111104T015123.735259,12,63,-6.72735,4.24165,1.59504,2.57648,8.11119,23239
20111104T015123.735259,36,0,-8.85776,4.42196,1.06942,2.68062,9.9568,23240
20111104T015123.735261,132,34,-6.44189,4.66364,1.51909,2.51753,8.09651,23244
20111104T015123.735262,44,35,-6.47528,5.22844,1.51478,2.45988,8.45925,23246
20111104T015123.735262,57,4,-8.4805,5.05215,0.971484,2.60637,9.91804,23247
20111104T015123.735264,65,6,-8.22994,4.74411,1.24794,2.62081,9.58,23251
20111104T015123.735264,42,7,-8.19953,5.1217,1.22366,2.58115,9.74382,23253
20111104T015123.735267,55,10,-7.84365,5.33025,1.14417,2.54686,9.55113,23258
20111104T015123.735274,26,52,-6.7887,5.09147,2.07726,2.50049,8.7363,23275
20111104T015123.735275,45,53,-7.08353,5.93237,2.16436,2.44221,9.48959,23277
20111104T015123.735277,78,56,-9.42321,4.16126,1.76104,2.72772,10.4505,23283
20111104T015123.735278,35,57,-8.25427,4.16697,1.52888,2.67189,9.37191,23285
20111104T015123.735280,66,60,-8.18536,4.75564,1.49814,2.61741,9.58431,23290
20111104T015123.735281,80,61,-8.20705,5.36886,1.4638,2.56021,9.91572,23292
20111104T015123.735281,1,62,-7.65877,4.24547,1.83859,2.63776,8.94761,23294
20111104T015123.735282,117,63,-6.78377,4.23282,1.60387,2.5812,8.15519,23296
20111104T015123.735283,174,0,-8.82473,4.33657,1.06118,2.68691,9.8888,23297
20111104T015123.735283,1,1,-8.875,4.72749,1.03174,2.65013,10.1074,23299
20111104T015123.735284,48,34,-6.44546,4.60488,1.51295,2.52381,8.06452,23301
20111104T015123.735285,12,35,-6.46657,5.15446,1.5049,2.46617,8.40525,23303
20111104T015123.735286,85,4,-8.92732,5.24147,1.02558,2.61266,10.402,23304
20111104T015123.735286,1,5,-9.02814,5.74085,0.991346,2.5733,10.7437,23306
20111104T015123.735287,72,6,-8.21652,4.66796,1.24072,2.6271,9.53,23308
20111104T015123.735288,63,7,-8.18608,5.04194,1.21612,2.58744,9.68982,23310
20111104T015123.735290,78,10,-7.83577,5.25336,1.13747,2.55314,9.50113,23316
20111104T015123.735294,1,48,-7.36825,4.25611,2.24551,2.62018,8.80036,23327
20111104T015123.735297,91,52,-6.81431,5.04411,2.07533,2.50678,8.7283,23335
20111104T015123.735298,73,53,-7.18203,5.93872,2.18334,2.44849,9.57159,23337
20111104T015123.735300,66,56,-9.56856,4.15351,1.7837,2.73401,10.5825,23342
20111104T015123.735301,21,57,-8.37908,4.16439,1.54755,2.67818,9.4839,23344
20111104T015123.735303,81,60,-8.18934,4.68945,1.49334,2.6237,9.55431,23348
20111104T015123.735304,49,61,-8.17592,5.27525,1.45202,2.5665,9.83772,23350
20111104T015123.735305,1,62,-7.81248,4.26634,1.86954,2.64404,9.09561,23352
20111104T015123.735451,215,0,-8.83749,4.27416,1.05924,2.69319,9.8728,23354
20111104T015123.735452,1,1,-9.04336,4.74482,1.05001,2.65641,10.2654,23356
20111104T015123.735453,72,34,-6.44213,4.54175,1.50529,2.53009,8.02452,23359
20111104T015123.735453,37,35,-6.48032,5.09909,1.50051,2.47245,8.38125,23361
20111104T015123.735456,76,6,-8.17307,4.57579,1.22858,2.63338,9.446,23364
20111104T015123.735456,116,7,-8.2176,4.99041,1.21612,2.59372,9.68982,23366
20111104T015123.735458,83,10,-7.83717,5.18332,1.13237,2.55943,9.46313,23372
20111104T015123.735459,1,11,-8.37861,5.97319,1.18053,2.52028,10.3564,23374
20111104T015123.735462,37,15,-8.82042,4.47816,0.677231,2.66975,9.91428,23381
20111104T015123.735463,1,48,-7.43519,4.23257,2.25793,2.62646,8.84836,23384
20111104T015123.735466,103,52,-6.83017,4.98979,2.0705,2.51306,8.7083,23388
20111104T015123.735466,74,53,-7.17708,5.85893,2.17038,2.45477,9.51559,23390
20111104T015123.735469,78,56,-9.71236,4.14334,1.80602,2.74029,10.7125,23395
20111104T015123.735469,19,57,-8.48117,4.14909,1.56188,2.68446,9.56991,23397
20111104T015123.735472,77,60,-8.1825,4.61761,1.48663,2.62998,9.51231,23402
20111104T015123.735472,150,61,-7.95404,5.06084,1.40583,2.57278,9.53172,23404
20111104T015123.735473,1,62,-8.18747,4.40354,1.95404,2.65032,9.49961,23406
20111104T015123.735474,40,63,-6.99198,4.24214,1.6412,2.59376,8.34119,23408
20111104T015123.735474,63,0,-9.12435,4.34171,1.09438,2.69947,10.1628,23409
20111104T015123.735475,94,1,-8.90374,4.60003,1.02781,2.66269,10.0734,23411
20111104T015123.735476,82,34,-6.44794,4.48555,1.49992,2.53638,7.99652,23414
20111104T015123.735477,7,35,-6.46109,5.01835,1.48844,2.47873,8.31525,23416
20111104T015123.735477,1,4,-9.91195,5.65091,1.14449,2.62522,11.466,23417
20111104T015123.735479,65,6,-8.15482,4.49864,1.22078,2.63966,9.392,23420
20111104T015123.735480,53,7,-8.21485,4.91826,1.21054,2.6,9.64982,23422
20111104T015123.735482,40,10,-7.78148,5.07677,1.11816,2.56571,9.35713,23428
20111104T015123.735483,1,11,-8.39977,5.90898,1.17799,2.52656,10.3364,23430
20111104T015123.735486,1,48,-7.60673,4.26671,2.30245,2.63274,9.02036,23441
20111104T015123.735487,34,49,-7.1594,4.5408,2.15867,2.57398,8.74838,23442
20111104T015123.735489,71,52,-6.84246,4.9332,2.0647,2.51934,8.6843,23447
20111104T015123.735492,80,56,-9.87278,4.13834,1.83143,2.74657,10.8605,23454
20111104T015123.735493,11,57,-8.61357,4.14727,1.58188,2.69074,9.68991,23455
20111104T015123.735495,32,60,-7.54451,4.19718,1.3633,2.63626,8.74031,23460
20111104T015123.735496,45,61,-8.08101,5.07087,1.42304,2.57906,9.64572,23462
20111104T015123.735496,35,62,-8.15961,4.32283,1.94066,2.65661,9.43561,23464
20111104T015123.735497,27,63,-7.08061,4.23549,1.65605,2.60005,8.41519,23466
20111104T015123.735499,40,1,-9.03859,4.59825,1.04168,2.66898,10.1934,23468
20111104T015123.735499,81,34,-6.45329,4.42946,1.49455,2.54266,7.96851,23471
20111104T015123.735500,1,35,-6.47069,4.96085,1.48331,2.48502,8.28725,23473
20111104T015123.735501,1,4,-8.8424,4.97038,1.00211,2.63151,10.192,23474
20111104T015123.735501,1,5,-8.8837,5.41595,0.960257,2.59215,10.4477,23476
20111104T015123.735502,79,6,-8.20033,4.45673,1.22367,2.64595,9.412,23478
20111104T015123.735503,73,7,-8.21323,4.84735,1.20523,2.60629,9.61182,23480
20111104T015123.735505,66,10,-7.84327,5.04702,1.12298,2.57199,9.39313,23486
20111104T015123.735506,1,11,-8.453,5.86743,1.18053,2.53284,10.3564,23488
20111104T015123.735509,13,48,-7.67402,4.24116,2.31488,2.63903,9.06836,23498
20111104T015123.735510,143,49,-6.96815,4.35761,2.09154,2.58026,8.48038,23499
20111104T015123.735512,96,52,-6.89708,4.90693,2.07195,2.52563,8.7143,23505
20111104T015123.735513,5,53,-7.11335,5.65896,2.12871,2.46734,9.33559,23507
20111104T015123.735515,71,56,-10.0007,4.11805,1.85066,2.75286,10.9725,23513
20111104T015123.735516,17,57,-8.71423,4.12869,1.59588,2.69703,9.7739,23515
20111104T015123.735518,131,60,-7.63141,4.18277,1.37448,2.64255,8.81031,23520
20111104T015123.735519,64,61,-8.19666,5.07219,1.43813,2.58535,9.74572,23522
20111104T015123.735520,11,62,-8.15363,4.25436,1.93271,2.66289,9.39761,23524
20111104T015123.735520,46,63,-7.38515,4.35582,1.72228,2.60633,8.74519,23526
20111104T015123.735523,86,34,-6.44355,4.3636,1.48574,2.54894,7.92251,23529
20111104T015123.735523,1,35,-6.46104,4.88914,1.4738,2.4913,8.23525,23531
20111104T015123.735525,86,6,-8.22293,4.40232,1.2228,2.65223,9.406,23534
20111104T015123.735526,71,7,-8.2042,4.77266,1.19881,2.61257,9.56582,23536
20111104T015123.735527,1,8,-8.95596,5.85984,0.938991,2.5641,10.7429,23538
20111104T015123.735528,95,10,-7.96531,5.05479,1.13747,2.57828,9.50113,23542
20111104T015123.735529,1,11,-8.51422,5.83107,1.18435,2.53913,10.3864,23544
20111104T015123.735533,26,48,-7.76337,4.22689,2.33403,2.64531,9.14236,23555
20111104T015123.735533,74,49,-7.09742,4.37701,2.1226,2.58654,8.60438,23557
20111104T015123.735536,72,52,-6.93255,4.86683,2.0734,2.53191,8.7203,23562
20111104T015123.735536,1,53,-7.27402,5.71297,2.16667,2.47362,9.49959,23564
20111104T015123.735539,82,56,-10.1689,4.11248,1.87744,2.75914,11.1285,23570
20111104T015123.735539,1,57,-8.98285,4.18768,1.64122,2.70331,10.0459,23572
20111104T015123.735541,36,60,-7.72885,4.17303,1.38758,2.64883,8.89231,23578
20111104T015123.735542,67,61,-8.18791,4.99579,1.43089,2.59163,9.69772,23580
20111104T015123.735543,43,62,-8.15407,4.1897,1.92643,2.66917,9.36761,23581
20111104T015123.735544,23,63,-7.39715,4.30043,1.71867,2.61261,8.72719,23583
20111104T015123.735545,1,1,-8.99967,4.45435,1.03012,2.67997,10.0934,23585
20111104T015123.735546,160,34,-6.38564,4.28093,1.46733,2.55366,7.82652,23588
20111104T015123.735547,1,35,-6.46673,4.84563,1.46977,2.49601,8.21325,23590
20111104T015123.735547,25,4,-8.88256,4.86525,1.00032,2.6425,10.176,23591
20111104T015123.735549,71,6,-8.19631,4.33863,1.215,2.65694,9.352,23594
20111104T015123.735549,69,7,-8.19917,4.71809,1.19434,2.61728,9.53382,23596
20111104T015123.735552,51,10,-8.00417,5.02665,1.13988,2.58299,9.51913,23601
20111104T015123.735552,1,11,-7.89225,5.34877,1.08361,2.54384,9.59437,23603
20111104T015123.735556,1,48,-7.8888,4.2468,2.36613,2.65002,9.26636,23612
20111104T015123.735557,124,49,-7.0602,4.30807,2.10507,2.59125,8.53438,23614
20111104T015123.735559,82,52,-6.97935,4.85066,2.08064,2.53662,8.7503,23620
20111104T015123.735560,1,53,-6.83784,5.31686,2.02684,2.47833,8.89559,23622
20111104T015123.735562,65,56,-10.2651,4.09504,1.89186,2.76385,11.2125,23628
20111104T015123.735563,153,57,-9.09017,4.1859,1.65755,2.70802,10.1439,23630
20111104T015123.735565,37,60,-7.84434,4.18748,1.40515,2.65354,9.00231,23635
20111104T015123.735566,146,61,-8.11332,4.89768,1.41337,2.59634,9.58172,23637
20111104T015123.735566,30,62,-8.72712,4.43074,2.05903,2.67388,10.0016,23638
20111104T015123.735567,22,63,-7.3461,4.22433,1.70181,2.61732,8.64319,23640
20111104T015123.735568,133,1,-8.85085,4.31123,1.00723,2.68625,9.89542,23642
20111104T015123.735570,1,35,-6.45602,4.7744,1.46026,2.5023,8.16125,23646
20111104T015123.735571,1,4,-8.78864,4.74258,0.984448,2.64878,10.034,23647
20111104T015123.735571,1,5,-8.87826,5.20412,0.948283,2.60943,10.3337,23649
20111104T015123.735572,63,6,-8.21462,4.28249,1.21355,2.66323,9.342,23651
20111104T015123.735573,78,7,-8.18736,4.64294,1.18764,2.62356,9.48582,23653
20111104T015123.735574,15,8,-8.8956,5.68198,0.924165,2.5751,10.5949,23655
20111104T015123.735575,53,10,-8.15708,5.05113,1.15919,2.58927,9.66313,23659
20111104T015123.735576,85,11,-8.04921,5.38204,1.10269,2.55012,9.74437,23661
20111104T015123.735580,185,49,-7.0921,4.26663,2.10657,2.59754,8.54038,23672
20111104T015123.735582,31,52,-6.69545,4.59234,1.98597,2.5429,8.3583,23678
20111104T015123.735583,1,53,-6.83106,5.2429,2.0148,2.48462,8.84359,23680
20111104T015123.735586,73,57,-9.26166,4.19489,1.68455,2.7143,10.3059,23687
20111104T015123.735588,25,60,-7.93873,4.17378,1.41762,2.65983,9.08031,23692
20111104T015123.735589,42,61,-8.20502,4.88313,1.42424,2.60262,9.65372,23694
20111104T015123.735590,5,62,-8.84935,4.42284,2.08162,2.68017,10.1096,23695
20111104T015123.735742,35,34,-6.49328,4.2356,1.47998,2.56622,7.89252,23701
20111104T015123.735742,42,35,-6.44943,4.70699,1.45184,2.50858,8.11525,23702
20111104T015123.735744,150,5,-8.94175,5.16621,0.952065,2.61572,10.3697,23704
20111104T015123.735745,46,6,-8.3101,4.26589,1.22482,2.66951,9.42,23706
20111104T015123.735745,70,7,-8.11277,4.53322,1.17089,2.62985,9.36582,23708
20111104T015123.735746,1,8,-8.98001,5.65664,0.929975,2.58138,10.6529,23710
20111104T015123.735747,72,10,-8.22591,5.02242,1.16509,2.59555,9.70713,23714
20111104T015123.735748,59,11,-8.15067,5.37628,1.11312,2.55641,9.82637,23716
20111104T015123.735753,40,49,-7.17364,4.25472,2.1231,2.60382,8.60638,23728
20111104T015123.735755,48,52,-7.06069,4.77667,2.08692,2.54919,8.7763,23733
20111104T015123.735755,1,53,-6.83445,5.17748,2.006,2.4909,8.80559,23735
20111104T015123.735758,112,57,-9.36703,4.17208,1.69921,2.72059,10.3939,23740
20111104T015123.735761,45,60,-8.05608,4.17082,1.43423,2.66611,9.18431,23745
20111104T015123.735761,60,61,-8.20318,4.81241,1.41851,2.60891,9.61572,23747
20111104T015123.735762,1,62,-8.98764,4.42131,2.10797,2.68645,10.2356,23748
20111104T015123.735763,1,63,-9.02665,5.04599,2.08433,2.62989,10.5492,23750
20111104T015123.735763,1,0,-10.0777,4.35428,1.20099,2.7356,11.0428,23751
20111104T015123.735765,40,34,-6.58756,4.23809,1.4957,2.57251,7.97451,23755
20111104T015123.735766,57,35,-6.46295,4.65484,1.44818,2.51486,8.09525,23757
20111104T015123.735766,49,4,-9.10841,4.76766,1.01753,2.66135,10.33,23758
20111104T015123.735767,132,5,-9.03618,5.14548,0.959627,2.622,10.4417,23760
20111104T015123.735768,48,6,-8.42692,4.25892,1.23956,2.67579,9.522,23762
20111104T015123.735769,88,7,-8.1047,4.46202,1.16503,2.63613,9.32382,23764
20111104T015123.735769,191,8,-8.99338,5.5865,0.927371,2.58767,10.6269,23766
20111104T015123.735771,48,10,-8.2199,4.94823,1.15919,2.60184,9.66313,23770
20111104T015123.735772,151,11,-8.2092,5.34124,1.11694,2.56269,9.85637,23772
20111104T015123.735776,42,49,-7.29705,4.26648,2.15215,2.6101,8.72238,23784
20111104T015123.735778,29,52,-7.44627,4.96838,2.19318,2.55547,9.2163,23788
20111104T015123.735779,1,53,-6.81396,5.0947,1.99026,2.49718,8.73759,23790
20111104T015123.735782,99,57,-9.51037,4.16479,1.72088,2.72687,10.5239,23797
20111104T015123.735784,57,60,-8.15256,4.15583,1.44701,2.67239,9.26431,23802
20111104T015123.735785,81,61,-7.7341,4.47072,1.33034,2.61519,9.03172,23804
20111104T015123.735785,1,62,-9.07339,4.39276,2.12178,2.69273,10.3016,23805
20111104T015123.735786,1,63,-8.06901,4.44181,1.85273,2.63617,9.39519,23807
20111104T015123.735787,1,0,-9.99334,4.24374,1.18621,2.74189,10.9208,23808
20111104T015123.735788,29,34,-6.67548,4.23536,1.50989,2.57879,8.04852,23812
20111104T015123.735789,47,35,-6.45368,4.58671,1.4394,2.52114,8.04725,23814
20111104T015123.735790,91,4,-8.88177,4.57881,0.985119,2.66763,10.04,23815
20111104T015123.735790,68,5,-9.01982,5.06125,0.953745,2.62828,10.3857,23817
20111104T015123.735791,78,6,-8.5422,4.24978,1.25401,2.68208,9.622,23819
20111104T015123.735792,151,7,-8.183,4.4385,1.17313,2.64241,9.38182,23821
20111104T015123.735793,197,8,-9.07587,5.5589,0.932981,2.59395,10.6829,23823
20111104T015123.735794,68,10,-8.22182,4.87935,1.15463,2.60812,9.62913,23827
20111104T015123.735799,53,49,-7.37732,4.25161,2.16818,2.61639,8.78638,23841
20111104T015123.735801,1,52,-6.94968,4.57591,2.03621,2.56175,8.5663,23845
20111104T015123.735802,1,53,-6.85677,5.0599,1.9935,2.50347,8.75159,23847
20111104T015123.735805,95,57,-9.6558,4.15665,1.74288,2.73315,10.6559,23854
20111104T015123.735807,75,60,-8.27744,4.15389,1.46491,2.67868,9.37631,23859
20111104T015123.735808,81,61,-8.19609,4.67062,1.40673,2.62147,9.53772,23861
20111104T015123.735809,128,62,-9.06016,4.3164,2.11216,2.69902,10.2556,23863
20111104T015123.735809,58,63,-7.76302,4.20908,1.77486,2.64246,9.00719,23865
20111104T015123.735810,81,0,-10.2087,4.25926,1.21116,2.74817,11.1268,23866
20111104T015123.735812,119,34,-6.7453,4.22029,1.51986,2.58507,8.10052,23870
20111104T015123.735812,32,35,-6.46469,4.5336,1.43538,2.52743,8.02525,23871
20111104T015123.735813,69,4,-9.11615,4.62685,1.01105,2.67392,10.272,23872
20111104T015123.735814,57,5,-8.9958,4.97357,0.947023,2.63456,10.3217,23874
20111104T015123.735814,35,6,-8.66303,4.24195,1.26933,2.68836,9.728,23876
20111104T015123.735815,41,7,-8.19328,4.37763,1.17033,2.6487,9.36182,23878
20111104T015123.735816,115,8,-9.05945,5.471,0.92697,2.60023,10.6229,23880
20111104T015123.735817,1,9,-8.85863,5.78963,0.845475,2.5608,10.6156,23882
20111104T015123.735817,68,10,-8.21635,4.80665,1.149,2.6144,9.58713,23884
20111104T015123.735818,35,11,-7.98104,5.05034,1.07217,2.57526,9.50436,23886
20111104T015123.735822,89,49,-7.4207,4.21478,2.17319,2.62267,8.80638,23899
20111104T015123.735825,1,52,-6.97992,4.53321,2.03669,2.56804,8.5683,23904
20111104T015123.735825,1,53,-6.8586,4.99488,1.9847,2.50975,8.71359,23905
20111104T015123.735828,102,57,-9.78517,4.13989,1.76188,2.73944,10.7699,23912
20111104T015123.735830,88,60,-8.39729,4.14794,1.48184,2.68496,9.48231,23917
20111104T015123.735831,82,61,-8.19429,4.60154,1.4013,2.62776,9.50172,23919
20111104T015123.735833,27,63,-8.06377,4.30762,1.83868,2.64874,9.32519,23921
20111104T015123.735836,48,35,-6.44246,4.4727,1.4255,2.53214,7.97125,23926
20111104T015123.735836,46,4,-8.85334,4.44182,0.975284,2.67863,9.95204,23927
20111104T015123.735838,1,6,-9.02174,4.36413,1.32424,2.69307,10.108,23930
20111104T015123.735838,56,7,-8.17534,4.31853,1.16419,2.65341,9.31782,23932
20111104T015123.735839,170,8,-9.05606,5.41095,0.923564,2.60495,10.5889,23934
20111104T015123.735840,1,9,-8.84239,5.71961,0.840661,2.56551,10.5636,23936
20111104T015123.735841,71,10,-8.20456,4.7481,1.14363,2.61912,9.54713,23938
20111104T015123.735841,56,11,-8.1122,5.08029,1.08845,2.57997,9.63237,23940
20111104T015123.735846,51,49,-7.57366,4.255,2.21277,2.62738,8.96438,23951
20111104T015123.735848,17,52,-7.1451,4.59226,2.07919,2.57275,8.7443,23957
20111104T015123.735849,1,53,-6.90727,4.98077,1.99211,2.51446,8.74559,23959
20111104T015123.735852,106,57,-9.94821,4.15404,1.78821,2.74415,10.9279,23966
20111104T015123.735854,53,60,-8.48601,4.14195,1.4943,2.68967,9.56031,23970
20111104T015123.735855,80,61,-8.18308,4.54457,1.39556,2.63247,9.46372,23972
20111104T015123.735856,10,63,-8.05975,4.25671,1.83306,2.65345,9.29719,23975
20111104T015123.735858,50,34,-6.90708,4.21615,1.54631,2.59607,8.23851,23979
20111104T015123.735859,66,35,-6.43805,4.40983,1.41818,2.53842,7.93125,23980
20111104T015123.735860,164,4,-8.85788,4.37471,0.972378,2.68491,9.92604,23981
20111104T015123.735860,38,5,-8.85753,4.77023,0.923916,2.64556,10.1017,23983
20111104T015123.735861,199,6,-8.81647,4.19726,1.28667,2.69935,9.848,23985
20111104T015123.735862,58,7,-8.23916,4.28636,1.17005,2.65969,9.35982,23987
20111104T015123.735863,196,8,-9.06413,5.33884,0.920559,2.61123,10.5589,23989
20111104T015123.735863,36,9,-8.86642,5.65642,0.839365,2.57179,10.5496,23991
20111104T015123.735864,65,10,-8.2101,4.68276,1.13988,2.6254,9.51913,23993
20111104T015123.735865,51,11,-8.15239,5.03444,1.08972,2.58625,9.64237,23995
20111104T015123.735869,118,49,-7.67807,4.25065,2.23581,2.63367,9.05638,24007
20111104T015123.735872,39,53,-6.92418,4.92709,1.98794,2.52075,8.72759,24014
20111104T015123.735875,121,57,-10.0853,4.13731,1.80854,2.75043,11.0499,24021
20111104T015123.735877,60,60,-8.60629,4.13365,1.51124,2.69595,9.66631,24025
20111104T015123.735878,103,61,-8.19068,4.48163,1.39194,2.63875,9.43972,24027
20111104T015123.735879,17,63,-8.03252,4.17784,1.82062,2.65974,9.23519,24031
20111104T015123.736031,1,0,-9.98345,3.96483,1.17216,2.76545,10.8048,24032
20111104T015123.736033,50,34,-6.99575,4.20996,1.56049,2.60235,8.31252,24036
20111104T015123.736033,34,35,-6.43635,4.34939,1.41159,2.54471,7.89525,24037
20111104T015123.736034,75,4,-9.06233,4.40462,0.994507,2.6912,10.124,24038
20111104T015123.736036,70,6,-9.11175,4.26713,1.33002,2.70564,10.148,24041
20111104T015123.736036,97,7,-8.32227,4.26352,1.17899,2.66598,9.42382,24043
20111104T015123.736037,114,8,-9.03892,5.24793,0.913747,2.61751,10.4909,24045
20111104T015123.736038,26,9,-8.85128,5.56869,0.83381,2.57808,10.4896,24047
20111104T015123.736038,120,10,-8.20822,4.61367,1.13505,2.63168,9.48313,24049
20111104T015123.736039,37,11,-8.29724,5.05249,1.10676,2.59254,9.77637,24051
20111104T015123.736044,152,49,-7.798,4.25353,2.26336,2.63995,9.16638,24063
20111104T015123.736046,163,52,-7.01105,4.38324,2.02316,2.58532,8.5123,24069
20111104T015123.736046,17,53,-6.96772,4.89246,1.99165,2.52703,8.74359,24070
20111104T015123.736049,115,57,-10.2244,4.11977,1.82921,2.75672,11.1739,24077
20111104T015123.736052,83,60,-8.71786,4.11981,1.52657,2.70224,9.76231,24081
20111104T015123.736052,65,61,-8.18218,4.4103,1.3856,2.64504,9.39772,24083
20111104T015123.736054,1,63,-8.89297,4.55698,2.01289,2.66602,10.1932,24086
20111104T015123.736055,1,1,-9.9625,4.26818,1.12285,2.73495,10.8954,24089
20111104T015123.736056,20,34,-7.09307,4.20781,1.57659,2.60863,8.39651,24092
20111104T015123.736057,75,35,-6.42436,4.28259,1.40281,2.55099,7.84725,24094
20111104T015123.736059,141,6,-9.21035,4.24278,1.34158,2.71192,10.228,24097
20111104T015123.736060,53,7,-8.45134,4.2631,1.19518,2.67226,9.53982,24099
20111104T015123.736060,177,8,-9.05097,5.17921,0.911343,2.62379,10.4669,24101
20111104T015123.736061,43,9,-8.84891,5.48979,0.829737,2.58436,10.4456,24103
20111104T015123.736062,41,10,-8.14852,4.51323,1.12137,2.63797,9.38113,24105
20111104T015123.736063,20,11,-8.6074,5.16829,1.14848,2.59882,10.1044,24107
20111104T015123.736069,158,52,-7.1096,4.38272,2.04393,2.5916,8.5983,24125
20111104T015123.736070,7,53,-6.97437,4.83191,1.9847,2.53331,8.71359,24126
20111104T015123.736073,42,57,-10.3472,4.09407,1.84688,2.763,11.2799,24132
20111104T015123.736075,167,60,-8.9855,4.1768,1.56971,2.70852,10.0323,24137
20111104T015123.736076,81,61,-8.17659,4.34111,1.37986,2.65132,9.35972,24138
20111104T015123.736077,1,63,-8.79386,4.43633,1.98358,2.6723,10.0472,24141
20111104T015123.736079,13,34,-7.17537,4.19572,1.58925,2.61492,8.46251,24147
20111104T015123.736081,1,5,-8.77803,4.51566,0.90396,2.66441,9.91174,24150
20111104T015123.736082,75,6,-9.3541,4.23767,1.36037,2.7182,10.358,24152
20111104T015123.736083,42,7,-8.55592,4.24884,1.20747,2.67854,9.62782,24154
20111104T015123.736084,200,8,-9.06251,5.11056,0.908939,2.63008,10.4429,24156
20111104T015123.736084,18,9,-8.85268,5.41532,0.826404,2.59064,10.4096,24158
20111104T015123.736085,77,10,-8.18716,4.46761,1.12298,2.64425,9.39313,24160
20111104T015123.736086,1,11,-8.59026,5.08471,1.1411,2.6051,10.0464,24162
20111104T015123.736092,151,52,-7.11209,4.32291,2.03669,2.59788,8.5683,24181
20111104T015123.736093,1,53,-6.72075,4.59297,1.90275,2.5396,8.35959,24183
20111104T015123.736098,187,60,-9.09783,4.15949,1.58505,2.7148,10.1283,24194
20111104T015123.736099,136,61,-8.18095,4.27769,1.37594,2.6576,9.33372,24196
20111104T015123.736100,1,63,-9.04945,4.49475,2.03576,2.67859,10.3072,24200
20111104T015123.736103,12,35,-6.57648,4.26598,1.42476,2.56356,7.96725,24207
20111104T015123.736105,120,6,-9.47101,4.2189,1.37482,2.72449,10.458,24210
20111104T015123.736106,28,7,-8.67843,4.24216,1.22254,2.68483,9.73582,24212
20111104T015123.736107,100,8,-9.02827,5.01691,0.901326,2.63636,10.3669,24214
20111104T015123.736108,1,9,-8.85758,5.34205,0.823257,2.59693,10.3756,24216
20111104T015123.736108,80,10,-8.19585,4.4058,1.12003,2.65053,9.37113,24218
20111104T015123.736109,27,11,-8.57754,5.00455,1.13449,2.61138,9.99437,24220
20111104T015123.736116,146,52,-7.11076,4.26124,2.02848,2.60417,8.5343,24238
20111104T015123.736116,1,53,-6.77686,4.56921,1.91062,2.54588,8.39359,24240
20111104T015123.736121,181,60,-9.23192,4.1506,1.60422,2.72109,10.2483,24250
20111104T015123.736124,36,63,-9.05993,4.42916,2.03175,2.68487,10.2872,24254
20111104T015123.736126,1,34,-7.38648,4.19499,1.6249,2.62748,8.64851,24260
20111104T015123.736127,1,35,-6.68252,4.27565,1.44233,2.56984,8.06325,24262
20111104T015123.736128,1,5,-9.003,4.48966,0.923916,2.67698,10.1017,24264
20111104T015123.736129,96,6,-9.61707,4.21147,1.39389,2.73077,10.59,24266
20111104T015123.736129,149,7,-8.98304,4.32207,1.26609,2.69111,10.0478,24268
20111104T015123.736130,203,8,-9.02991,4.9439,0.89792,2.64264,10.3329,24270
20111104T015123.736131,29,9,-8.84823,5.26077,0.818628,2.60321,10.3256,24272
20111104T015123.736132,56,10,-8.20408,4.34406,1.11708,2.65682,9.34913,24274
20111104T015123.736132,61,11,-8.5779,4.93269,1.12991,2.61767,9.95837,24276
20111104T015123.736139,43,52,-7.14242,4.21943,2.02993,2.61045,8.5403,24294
20111104T015123.736140,1,53,-6.85557,4.56007,1.92497,2.55216,8.45559,24296
20111104T015123.736145,179,60,-9.37349,4.14337,1.62467,2.72737,10.3763,24307
20111104T015123.736146,34,61,-8.25696,4.18623,1.37986,2.67017,9.35972,24309
20111104T015123.736147,49,63,-9.04172,4.34997,2.02131,2.69115,10.2352,24313
20111104T015123.736149,71,34,-7.48328,4.20321,1.64215,2.6322,8.73851,24318
20111104T015123.736150,1,35,-6.73908,4.26734,1.45038,2.57455,8.10725,24320
20111104T015123.736151,190,5,-8.81374,4.34301,0.899129,2.68169,9.86574,24322
20111104T015123.736152,115,6,-9.73135,4.20676,1.40892,2.73548,10.694,24324
20111104T015123.736154,196,8,-9.03909,4.89374,0.896317,2.64736,10.3169,24327
20111104T015123.736154,1,9,-8.84034,5.19976,0.81511,2.60792,10.2876,24329
20111104T015123.736155,68,10,-8.18403,4.2843,1.11092,2.66153,9.30313,24331
20111104T015123.736156,56,11,-8.53732,4.85579,1.1205,2.62238,9.88437,24333
20111104T015123.736162,35,52,-7.29982,4.26569,2.06953,2.61516,8.7043,24352
20111104T015123.736163,1,53,-6.92404,4.55886,1.9384,2.55687,8.51359,24354
20111104T015123.736168,184,60,-9.49976,4.14553,1.64352,2.73208,10.4943,24364
20111104T015123.736169,10,61,-8.31367,4.16595,1.3862,2.67488,9.40172,24366
20111104T015123.736170,168,63,-9.02853,4.29127,2.01369,2.69586,10.1972,24370
20111104T015123.736321,39,34,-7.90507,4.37379,1.73033,2.63848,9.19851,24375
20111104T015123.736321,26,35,-6.82237,4.26047,1.46282,2.58084,8.17525,24377
20111104T015123.736324,96,6,-9.8779,4.19638,1.42799,2.74177,10.826,24380
20111104T015123.736324,76,7,-9.14292,4.27612,1.28368,2.7021,10.1738,24382
20111104T015123.736325,88,8,-9.01341,4.807,0.889906,2.65364,10.2529,24384
20111104T015123.736326,1,9,-8.85907,5.1361,0.813629,2.61421,10.2716,24386
20111104T015123.736326,33,10,-8.30955,4.28343,1.12593,2.66781,9.41513,24388
20111104T015123.736327,27,11,-8.51926,4.7748,1.11338,2.62866,9.82837,24390
20111104T015123.736334,40,52,-7.36353,4.24096,2.08016,2.62144,8.7483,24408
20111104T015123.736334,1,53,-7.03074,4.56632,1.96063,2.56316,8.60959,24410
20111104T015123.736340,174,60,-9.65456,4.14077,1.66621,2.73837,10.6363,24421
20111104T015123.736340,54,61,-8.42293,4.15492,1.40039,2.68116,9.49572,24423
20111104T015123.736342,124,63,-9.06063,4.23695,2.01489,2.70215,10.2032,24426
20111104T015123.736344,10,34,-7.84784,4.27819,1.71154,2.64476,9.10052,24432
20111104T015123.736345,1,35,-6.88913,4.24237,1.4716,2.58712,8.22325,24434
20111104T015123.736345,1,4,-10.0546,4.36812,1.0942,2.73361,11.016,24435
20111104T015123.736347,113,6,-9.99546,4.17217,1.44244,2.74805,10.926,24438
20111104T015123.736348,203,8,-9.0117,4.73368,0.8863,2.65992,10.2169,24441
20111104T015123.736349,28,9,-8.82554,5.04266,0.806594,2.62049,10.1956,24443
20111104T015123.736350,1,10,-8.41945,4.27311,1.13854,2.67409,9.50913,24445
20111104T015123.736351,1,11,-8.504,4.69615,1.10676,2.63495,9.77637,24447
20111104T015123.736357,49,52,-7.53876,4.27856,2.12266,2.62773,8.9243,24466
20111104T015123.736358,1,53,-7.09855,4.54734,1.97174,2.56944,8.65759,24468
20111104T015123.736363,172,60,-9.79691,4.12887,1.68666,2.74465,10.7643,24477
20111104T015123.736364,28,61,-8.55191,4.15222,1.4179,2.68745,9.61172,24479
20111104T015123.736365,51,63,-9.14576,4.20708,2.02814,2.70843,10.2692,24482
20111104T015123.736367,23,34,-7.77761,4.17701,1.69007,2.65105,8.98851,24488
20111104T015123.736368,1,35,-7.00291,4.25228,1.49063,2.5934,8.32725,24490
20111104T015123.736370,78,6,-10.1589,4.16534,1.46412,2.75433,11.076,24494
20111104T015123.736371,1,7,-9.3041,4.21009,1.30043,2.71467,10.2938,24496
20111104T015123.736372,72,8,-8.90326,4.60592,0.870673,2.66621,10.0609,24498
20111104T015123.736372,1,9,-8.83452,4.97436,0.804187,2.62677,10.1696,24500
20111104T015123.736373,36,10,-8.52778,4.2607,1.15088,2.68038,9.60113,24502
20111104T015123.736374,1,11,-8.49156,4.61978,1.10066,2.64123,9.72836,24504
20111104T015123.736381,1,53,-7.306,4.61635,2.02221,2.57572,8.87559,24524
20111104T015123.736386,174,60,-9.93585,4.11385,1.70647,2.75093,10.8883,24533
20111104T015123.736387,11,61,-8.66872,4.14207,1.4333,2.69373,9.71372,24535
20111104T015123.736388,124,63,-9.25762,4.18847,2.04741,2.71471,10.3652,24538
20111104T015123.736391,49,34,-8.09729,4.2825,1.75486,2.65733,9.32652,24544
20111104T015123.736391,1,35,-7.05644,4.22442,1.49649,2.59968,8.35925,24546
20111104T015123.736393,1,5,-9.67954,4.47284,0.987565,2.70682,10.7077,24549
20111104T015123.736393,120,6,-10.2933,4.14484,1.48117,2.76062,11.194,24551
20111104T015123.736394,163,7,-9.49487,4.22514,1.32584,2.72095,10.4758,24553
20111104T015123.736395,143,8,-8.97639,4.57238,0.875682,2.67249,10.1109,24555
20111104T015123.736396,1,9,-8.8482,4.90906,0.802335,2.63306,10.1496,24557
20111104T015123.736396,23,10,-8.63984,4.24884,1.16375,2.68666,9.69713,24559
20111104T015123.736397,1,11,-8.53265,4.57293,1.10244,2.64751,9.74236,24561
20111104T015123.736404,153,52,-7.63959,4.20961,2.13619,2.64029,8.9803,24579
20111104T015123.736404,1,53,-7.16173,4.46191,1.97359,2.58201,8.66559,24581
20111104T015123.736409,177,60,-10.1097,4.11131,1.73235,2.75722,11.0503,24590
20111104T015123.736410,44,61,-8.79646,4.13568,1.45051,2.70001,9.82772,24592
20111104T015123.736412,82,63,-9.55562,4.25182,2.10842,2.721,10.6692,24595
20111104T015123.736414,129,34,-9.11003,4.76052,1.97339,2.66204,10.4665,24599
20111104T015123.736415,1,35,-7.15229,4.2364,1.51295,2.6044,8.44925,24601
20111104T015123.736417,95,6,-10.4747,4.16028,1.5066,2.76533,11.37,24605
20111104T015123.736417,80,7,-9.65779,4.24356,1.34789,2.72567,10.6338,24607
20111104T015123.736418,201,8,-9.03343,4.54786,0.879689,2.6772,10.1509,24609
20111104T015123.736419,31,9,-8.83985,4.85,0.799002,2.63777,10.1136,24611
20111104T015123.736420,99,10,-9.00238,4.37367,1.21524,2.69137,10.0811,24613
20111104T015123.736420,1,11,-8.56636,4.53919,1.10422,2.65223,9.75636,24615
20111104T015123.736427,125,52,-7.82486,4.26325,2.18304,2.64501,9.1743,24632
20111104T015123.736428,1,53,-7.14464,4.40454,1.96294,2.58672,8.61959,24634
20111104T015123.736433,187,60,-10.217,4.09874,1.74769,2.76193,11.1463,24643
20111104T015123.736434,99,61,-9.05231,4.20461,1.49037,2.70473,10.0917,24645
20111104T015123.736437,71,34,-9.10482,4.68529,1.96572,2.66832,10.4265,24653
20111104T015123.736438,1,35,-7.23641,4.22523,1.5254,2.61068,8.51725,24654
20111104T015123.736440,104,6,-10.6021,4.13375,1.5225,2.77161,11.48,24658
20111104T015123.736441,141,7,-9.75329,4.21277,1.3585,2.73195,10.7098,24660
20111104T015123.736442,174,8,-8.84587,4.38452,0.855447,2.68349,9.90887,24662
20111104T015123.736442,28,9,-8.8299,4.77251,0.794744,2.64405,10.0676,24664
20111104T015123.736444,1,11,-8.57012,4.47238,1.10066,2.65851,9.72836,24667
20111104T015123.736451,1,53,-7.17881,4.36362,1.96479,2.593,8.62759,24686
20111104T015123.736456,150,60,-10.3657,4.08272,1.7691,2.76821,11.2803,24696
20111104T015123.736457,135,61,-9.18276,4.19551,1.50788,2.71101,10.2077,24698
20111104T015123.736606,1,35,-7.3411,4.22498,1.54223,2.61696,8.60925,24706
20111104T015123.736608,1,5,-9.94628,4.38961,1.00962,2.7241,10.9177,24709
20111104T015123.736609,95,6,-10.7684,4.12056,1.54446,2.77789,11.632,24711
20111104T015123.736609,88,7,-9.91983,4.21126,1.38,2.73823,10.8638,24713
20111104T015123.736611,107,9,-8.83688,4.70472,0.792337,2.65033,10.0416,24716
20111104T015123.736611,104,10,-9.141,4.29968,1.22785,2.70394,10.1751,24718
20111104T015123.736612,1,11,-8.57514,4.40661,1.09735,2.66479,9.70236,24720
20111104T015123.736619,1,53,-7.17109,4.29734,1.95507,2.59929,8.58559,24741
20111104T015123.736625,92,61,-9.31704,4.18657,1.526,2.71729,10.3277,24752
20111104T015123.736629,141,34,-8.85176,4.41605,1.89786,2.68089,10.0725,24761
20111104T015123.736630,1,35,-7.4307,4.21482,1.55577,2.62325,8.68325,24763
20111104T015123.736632,76,6,-10.9313,4.10405,1.56585,2.78418,11.78,24768
20111104T015123.736633,117,7,-10.0447,4.19021,1.39508,2.74452,10.9718,24770
20111104T015123.736634,31,9,-8.82046,4.62497,0.787523,2.65662,9.98958,24773
20111104T015123.736636,1,11,-8.51778,4.30947,1.08514,2.67107,9.60637,24776
20111104T015123.736643,1,53,-7.15613,4.22735,1.94349,2.60557,8.53559,24796
20111104T015123.736649,112,61,-9.44254,4.17208,1.5426,2.72358,10.4377,24807
20111104T015123.736652,182,34,-9.00103,4.4198,1.92431,2.68717,10.2105,24817
20111104T015123.736653,1,35,-7.52388,4.20562,1.57004,2.62953,8.76125,24819
20111104T015123.736655,35,6,-11.1854,4.11901,1.6014,2.79046,12.026,24824
20111104T015123.736656,91,7,-10.2082,4.18359,1.41602,2.7508,11.1218,24826
20111104T015123.736657,10,8,-9.3916,4.43535,0.907136,2.70233,10.4249,24828
20111104T015123.736657,80,9,-8.81576,4.55203,0.784005,2.6629,9.95158,24830
20111104T015123.736659,1,11,-8.54646,4.25676,1.08539,2.67736,9.60837,24833
20111104T015123.736666,1,53,-7.32862,4.26784,1.98378,2.61185,8.70959,24853
20111104T015123.736672,107,61,-9.57547,4.15936,1.56042,2.72986,10.5557,24864
20111104T015123.736676,175,34,-9.0074,4.35295,1.91971,2.69346,10.1865,24874
20111104T015123.736676,1,35,-7.63444,4.20494,1.58797,2.63581,8.85925,24875
20111104T015123.736679,118,7,-10.3407,4.16246,1.43221,2.75708,11.2378,24882
20111104T015123.736680,1,8,-9.52224,4.42384,0.918556,2.70862,10.5389,24884
20111104T015123.736681,36,9,-8.79099,4.46936,0.778451,2.66918,9.89157,24886
20111104T015123.736681,1,10,-10.1185,4.52639,1.36087,2.72279,11.1671,24888
20111104T015123.736682,1,11,-8.69937,4.26525,1.10345,2.68364,9.75037,24890
20111104T015123.736689,1,53,-7.39911,4.247,1.99582,2.61814,8.76159,24910
20111104T015123.736695,107,61,-9.71405,4.14746,1.57914,2.73614,10.6797,24922
20111104T015123.736699,177,34,-9.01682,4.28787,1.91588,2.69974,10.1665,24930
20111104T015123.736702,86,7,-10.5066,4.15298,1.45343,2.76337,11.3898,24937
20111104T015123.736703,1,8,-9.76361,4.4611,0.942196,2.7149,10.7749,24939
20111104T015123.736704,23,9,-8.80645,4.40777,0.777155,2.67547,9.87757,24941
20111104T015123.736705,1,10,-9.94883,4.37612,1.33164,2.72907,10.9491,24943
20111104T015123.736705,99,11,-8.85094,4.27111,1.12126,2.68992,9.89037,24945
20111104T015123.736713,1,53,-7.49499,4.23987,2.0148,2.62442,8.84359,24965
20111104T015123.736719,112,61,-9.85651,4.13552,1.59846,2.74243,10.8077,24976
20111104T015123.736722,179,34,-9.01737,4.23619,1.91166,2.70445,10.1445,24986
20111104T015123.736723,1,35,-7.8446,4.20944,1.62273,2.64681,9.04925,24987
20111104T015123.736726,138,7,-10.6477,4.15112,1.47185,2.76808,11.5218,24994
20111104T015123.736727,175,8,-9.72643,4.38896,0.935785,2.71961,10.7109,24996
20111104T015123.736727,16,9,-9.24794,4.57546,0.82085,2.68018,10.3496,24998
20111104T015123.736728,1,10,-9.84926,4.27731,1.31394,2.73378,10.8171,25000
20111104T015123.736729,105,11,-9.09816,4.33825,1.15357,2.69464,10.1444,25002
20111104T015123.736736,15,53,-7.6251,4.26651,2.0449,2.62913,8.97359,25022
20111104T015123.736742,107,61,-9.99635,4.13917,1.61839,2.74714,10.9397,25033
20111104T015123.736911,150,34,-9.04559,4.18027,1.91205,2.71074,10.1465,25041
20111104T015123.736911,1,35,-7.91951,4.1859,1.63298,2.65309,9.10525,25042
20111104T015123.736914,75,7,-10.8325,4.14528,1.49586,2.77436,11.6938,25048
20111104T015123.736916,1,9,-9.37668,4.56629,0.831218,2.68646,10.4616,25052
20111104T015123.736916,1,10,-9.95438,4.24865,1.32547,2.74007,10.9031,25054
20111104T015123.736924,1,53,-7.71132,4.25153,2.0611,2.63541,9.04359,25075
20111104T015123.736930,106,61,-10.1594,4.13241,1.64103,2.75342,11.0897,25086
20111104T015123.736934,96,34,-9.18078,4.17268,1.93543,2.71702,10.2685,25095
20111104T015123.736935,1,35,-8.89506,4.63301,1.83241,2.65937,10.1952,25097
20111104T015123.736938,92,7,-11.001,4.13099,1.51736,2.78064,11.8478,25103
20111104T015123.736940,1,10,-10.1547,4.25851,1.35095,2.74635,11.0931,25109
20111104T015123.736948,1,53,-7.81301,4.24403,2.08148,2.6417,9.13159,25131
20111104T015123.736954,130,61,-10.2934,4.11196,1.65885,2.7597,11.2077,25143
20111104T015123.736957,118,34,-9.33238,4.17073,1.96227,2.7233,10.4085,25152
20111104T015123.736958,100,35,-8.97817,4.60496,1.84375,2.66566,10.2572,25153
20111104T015123.736963,170,10,-10.1445,4.17959,1.34558,2.75263,11.0531,25164
20111104T015123.736977,76,61,-10.4404,4.09507,1.67877,2.76599,11.3397,25196
20111104T015123.736981,80,34,-9.48251,4.16624,1.98872,2.72958,10.5465,25205
20111104T015123.736986,80,10,-10.3618,4.19274,1.37348,2.75892,11.2611,25217
20111104T015123.737004,113,34,-9.64376,4.16469,2.01747,2.73587,10.6965,25257
20111104T015123.737005,39,35,-8.87703,4.41268,1.81082,2.67822,10.0772,25259
20111104T015123.737010,120,10,-10.4948,4.1698,1.38903,2.7652,11.3771,25271
20111104T015123.737024,25,61,-11.1527,4.21491,1.78687,2.77855,12.0557,25304
20111104T015123.737027,60,34,-9.78978,4.17283,2.04431,2.74058,10.8365,25313
20111104T015123.737028,145,35,-8.9753,4.4091,1.82692,2.68294,10.1652,25314
20111104T015123.737033,96,10,-10.675,4.18293,1.41236,2.76991,11.5511,25326
20111104T015123.737178,85,35,-8.99929,4.3509,1.82619,2.68922,10.1612,25367
20111104T015123.737183,115,10,-10.8344,4.16676,1.43167,2.7762,11.6951,25379
20111104T015123.737184,1,11,-10.0362,4.27497,1.2599,2.73705,10.9804,25381
20111104T015123.737202,132,35,-8.99274,4.27816,1.81924,2.6955,10.1232,25425
20111104T015123.737207,82,10,-11.0459,4.16826,1.45849,2.78248,11.8951,25437
20111104T015123.737225,82,35,-9.01233,4.21822,1.81777,2.70179,10.1152,25480
20111104T015123.737248,80,35,-9.09932,4.18959,1.83021,2.70807,10.1832,25534
20111104T015123.737272,97,35,-9.206,4.169,1.84668,2.71435,10.2732,25587
20111104T015123.737277,1,11,-10.3818,4.11766,1.29323,2.76218,11.2424,25601
20111104T015123.737295,94,35,-9.33673,4.17556,1.86937,2.71907,10.3972,25642
20111104T015123.737301,1,11,-10.7685,4.21318,1.34385,2.76689,11.6404,25656
20111104T015123.737473,84,35,-9.45989,4.15975,1.88913,2.72535,10.5052,25695
20111104T015123.737497,86,35,-9.60846,4.15352,1.91401,2.73163,10.6412,25754
20111104T015123.737520,80,35,-9.76999,4.15099,1.94146,2.73791,10.7912,25812
20111104T015123.737543,81,35,-9.93185,4.1466,1.9689,2.7442,10.9412,25868
20111104T015123.734651,42,49,-7.52305,5.93079,2.44369,2.47187,9.88638,22477
20111104T015123.734904,73,49,-7.63905,5.73558,2.43668,2.49544,9.85838,22703
20111104T015123.734927,43,49,-7.72464,5.72446,2.45271,2.50172,9.92238,22758
20111104T015123.734947,1,45,-7.48376,4.22867,2.33856,2.62491,8.90818,22809
20111104T015123.734950,63,49,-7.84784,5.74001,2.48076,2.508,10.0344,22816
20111104T015123.734971,1,45,-7.58925,4.22583,2.36358,2.63119,9.00218,22865
20111104T015123.734973,89,49,-7.93077,5.72468,2.49579,2.51429,10.0944,22871
20111104T015123.734994,1,45,-7.67991,4.22924,2.38594,2.6359,9.08618,22921
